student_id,first_name,last_name,gender,date_of_birth,grade_level_id,school_year_id,created_at,updated_at
1,Vito,Vega,Male,2005-10-03,7,1,2025-07-26 18:07:00,2025-07-26 18:07:00
2,Chauncey,Vega,Male,2006-12-17,6,1,2025-07-26 18:07:00,2025-07-26 18:07:00
3,Christy,Vega,Female,2007-11-03,5,1,2025-07-26 18:07:00,2025-07-26 18:07:00
4,Harriet,Vega,Female,2008-08-03,4,1,2025-07-26 18:07:00,2025-07-26 18:07:00
5,Kelli,Reed,Female,2005-09-19,7,1,2025-07-26 18:07:00,2025-07-26 18:07:00
6,Randolph,Reed,Male,2006-10-27,6,1,2025-07-26 18:07:00,2025-07-26 18:07:00
7,Sammy,Reed,Male,2007-04-14,5,1,2025-07-26 18:07:00,2025-07-26 18:07:00
8,Milagros,Reed,Female,2008-07-01,4,1,2025-07-26 18:07:00,2025-07-26 18:07:00
9,Shelly,Reed,Female,2009-06-03,3,1,2025-07-26 18:07:00,2025-07-26 18:07:00
10,Edna,Rivers,Female,2011-06-12,0,1,2025-07-26 18:07:00,2025-07-26 18:07:00
11,Major,Gillespie,Male,2005-10-23,7,1,2025-07-26 18:07:00,2025-07-26 18:07:00
12,Jocelyn,Gillespie,Female,2006-06-23,6,1,2025-07-26 18:07:00,2025-07-26 18:07:00
13,Augusta,Leblanc,Female,2011-09-26,1,1,2025-07-26 18:07:00,2025-07-26 18:07:00
14,Sammie,Hopkins,Male,2002-09-27,10,1,2025-07-26 18:07:00,2025-07-26 18:07:00
15,Dolly,Hopkins,Female,2003-06-27,9,1,2025-07-26 18:07:00,2025-07-26 18:07:00
16,Nona,Hopkins,Female,2004-07-02,8,1,2025-07-26 18:07:00,2025-07-26 18:07:00
17,Reinaldo,Hopkins,Male,2005-04-26,7,1,2025-07-26 18:07:00,2025-07-26 18:07:00
18,May,Hopkins,Female,2006-06-18,6,1,2025-07-26 18:07:00,2025-07-26 18:07:00
19,Saundra,Sellers,Female,2011-01-02,1,1,2025-07-26 18:07:00,2025-07-26 18:07:00
20,Darlene,Parks,Female,2007-11-11,5,1,2025-07-26 18:07:00,2025-07-26 18:07:00
21,Isabelle,Parks,Female,2008-08-23,4,1,2025-07-26 18:07:00,2025-07-26 18:07:00
22,Denis,Parks,Male,2009-04-05,3,1,2025-07-26 18:07:00,2025-07-26 18:07:00
23,Aurora,Parks,Female,2010-12-28,2,1,2025-07-26 18:07:00,2025-07-26 18:07:00
24,Evan,Parks,Male,2010-07-17,0,1,2025-07-26 18:07:00,2025-07-26 18:07:00
25,Laura,Avery,Female,2010-02-10,2,1,2025-07-26 18:07:00,2025-07-26 18:07:00
26,Rickey,Avery,Male,2010-06-11,0,1,2025-07-26 18:07:00,2025-07-26 18:07:00
27,Rachel,Mcfarland,Female,2003-03-22,9,1,2025-07-26 18:07:00,2025-07-26 18:07:00
28,Kathleen,Gould,Female,2004-06-27,8,1,2025-07-26 18:07:00,2025-07-26 18:07:00
29,Clinton,Gould,Male,2005-01-06,7,1,2025-07-26 18:07:00,2025-07-26 18:07:00
30,Micheal,Gould,Male,2006-11-08,6,1,2025-07-26 18:07:00,2025-07-26 18:07:00
31,Jennie,Gould,Female,2007-10-11,5,1,2025-07-26 18:07:00,2025-07-26 18:07:00
32,Jeanne,Gould,Female,2008-06-28,4,1,2025-07-26 18:07:00,2025-07-26 18:07:00
33,Ina,Britt,Female,2001-12-02,11,1,2025-07-26 18:07:00,2025-07-26 18:07:00
34,Sidney,Britt,Male,2002-01-01,10,1,2025-07-26 18:07:00,2025-07-26 18:07:00
35,Adele,Britt,Female,2003-01-10,9,1,2025-07-26 18:07:00,2025-07-26 18:07:00
36,Nikki,Fischer,Female,2010-02-01,2,1,2025-07-26 18:07:00,2025-07-26 18:07:00
37,Julianne,Sargent,Female,2007-04-04,5,1,2025-07-26 18:07:00,2025-07-26 18:07:00
38,Michael,Sargent,Female,2008-09-24,4,1,2025-07-26 18:07:00,2025-07-26 18:07:00
39,Samuel,Sargent,Male,2009-11-24,3,1,2025-07-26 18:07:00,2025-07-26 18:07:00
40,Hollie,Mcbride,Female,2010-05-11,2,1,2025-07-26 18:07:00,2025-07-26 18:07:00
41,Julian,Mcbride,Male,2010-02-23,0,1,2025-07-26 18:07:00,2025-07-26 18:07:00
42,Phillip,Camacho,Male,2001-11-22,11,1,2025-07-26 18:07:00,2025-07-26 18:07:00
43,Maura,Camacho,Female,2002-06-12,10,1,2025-07-26 18:07:00,2025-07-26 18:07:00
44,Alice,Lee,Female,2001-05-24,11,1,2025-07-26 18:07:00,2025-07-26 18:07:00
45,Jeanette,Lee,Female,2002-03-11,10,1,2025-07-26 18:07:00,2025-07-26 18:07:00
46,Herschel,Lee,Male,2003-10-02,9,1,2025-07-26 18:07:00,2025-07-26 18:07:00
47,Laurel,Rush,Female,2000-09-17,12,1,2025-07-26 18:07:00,2025-07-26 18:07:00
48,Lonnie,Rush,Male,2001-07-10,11,1,2025-07-26 18:07:00,2025-07-26 18:07:00
49,Lisa,Puckett,Female,2007-08-17,5,1,2025-07-26 18:07:00,2025-07-26 18:07:00
50,Leslie,Puckett,Male,2008-02-02,4,1,2025-07-26 18:07:00,2025-07-26 18:07:00
51,Aurora,Puckett,Female,2009-09-21,3,1,2025-07-26 18:07:00,2025-07-26 18:07:00
52,Jeffery,Puckett,Male,2010-01-09,2,1,2025-07-26 18:07:00,2025-07-26 18:07:00
53,Jacqueline,Crawford,Female,2007-03-28,5,1,2025-07-26 18:07:00,2025-07-26 18:07:00
54,Beau,Crawford,Male,2008-08-06,4,1,2025-07-26 18:07:00,2025-07-26 18:07:00
55,Carolyn,Crawford,Female,2009-06-14,3,1,2025-07-26 18:07:00,2025-07-26 18:07:00
56,Mack,Calhoun,Male,2009-10-16,3,1,2025-07-26 18:07:00,2025-07-26 18:07:00
57,Robin,Calhoun,Female,2010-10-22,2,1,2025-07-26 18:07:00,2025-07-26 18:07:00
58,Darrin,Hawkins,Male,2012-09-07,1,1,2025-07-26 18:07:00,2025-07-26 18:07:00
59,Maude,Hawkins,Female,2011-02-22,1,1,2025-07-26 18:07:00,2025-07-26 18:07:00
60,Hester,Hawkins,Female,2012-06-11,1,1,2025-07-26 18:07:00,2025-07-26 18:07:00
61,Tracy,Hawkins,Male,2012-04-06,1,1,2025-07-26 18:07:00,2025-07-26 18:07:00
62,Dolores,Adams,Female,2005-03-06,7,1,2025-07-26 18:07:00,2025-07-26 18:07:00
63,Ervin,Adams,Male,2006-11-02,6,1,2025-07-26 18:07:00,2025-07-26 18:07:00
64,Audra,Adams,Female,2007-02-20,5,1,2025-07-26 18:07:00,2025-07-26 18:07:00
65,Lea,Adams,Female,2008-06-28,4,1,2025-07-26 18:07:00,2025-07-26 18:07:00
66,Reginald,Adams,Male,2009-12-18,3,1,2025-07-26 18:07:00,2025-07-26 18:07:00
67,Tammy,Shields,Female,2010-09-24,2,1,2025-07-26 18:07:00,2025-07-26 18:07:00
68,Norris,Shields,Male,2011-11-17,1,1,2025-07-26 18:07:00,2025-07-26 18:07:00
69,Vickie,Langley,Female,2003-06-20,9,1,2025-07-26 18:07:00,2025-07-26 18:07:00
70,Rufus,Langley,Male,2004-02-02,8,1,2025-07-26 18:07:00,2025-07-26 18:07:00
71,Adriana,Buck,Female,2002-02-13,10,1,2025-07-26 18:07:00,2025-07-26 18:07:00
72,Mohammed,Buck,Male,2003-01-17,9,1,2025-07-26 18:07:00,2025-07-26 18:07:00
73,Walter,Manning,Male,2004-12-18,8,1,2025-07-26 18:07:00,2025-07-26 18:07:00
74,Tabitha,Manning,Female,2005-02-24,7,1,2025-07-26 18:07:00,2025-07-26 18:07:00
75,Meghan,Skinner,Female,2001-01-11,11,1,2025-07-26 18:07:00,2025-07-26 18:07:00
76,Collin,Skinner,Male,2002-12-15,10,1,2025-07-26 18:07:00,2025-07-26 18:07:00
77,Carey,Reese,Male,2006-05-09,6,1,2025-07-26 18:07:00,2025-07-26 18:07:00
78,Gabrielle,Reese,Female,2007-04-24,5,1,2025-07-26 18:07:00,2025-07-26 18:07:00
79,Marianne,Reese,Female,2008-08-14,4,1,2025-07-26 18:07:00,2025-07-26 18:07:00
80,Lawrence,Bauer,Male,2001-05-23,11,1,2025-07-26 18:07:00,2025-07-26 18:07:00
81,Anastasia,Bauer,Female,2002-11-21,10,1,2025-07-26 18:07:00,2025-07-26 18:07:00
82,Jordan,Chan,Male,2007-03-05,5,1,2025-07-26 18:07:00,2025-07-26 18:07:00
83,Lynda,Chan,Female,2008-04-26,4,1,2025-07-26 18:07:00,2025-07-26 18:07:00
84,Gavin,Todd,Male,2010-08-26,0,1,2025-07-26 18:07:00,2025-07-26 18:07:00
85,Lydia,Todd,Female,2011-03-24,0,1,2025-07-26 18:07:00,2025-07-26 18:07:00
86,Faye,Pugh,Female,2010-06-15,2,1,2025-07-26 18:07:00,2025-07-26 18:07:00
87,Cherie,Trevino,Female,2005-08-13,7,1,2025-07-26 18:07:00,2025-07-26 18:07:00
88,Clinton,Trevino,Male,2006-03-25,6,1,2025-07-26 18:07:00,2025-07-26 18:07:00
89,Lynda,Norris,Female,2003-10-13,9,1,2025-07-26 18:07:00,2025-07-26 18:07:00
90,Dianna,Norris,Female,2004-08-14,8,1,2025-07-26 18:07:00,2025-07-26 18:07:00
91,Fidel,Norris,Male,2005-01-21,7,1,2025-07-26 18:07:00,2025-07-26 18:07:00
92,Alfreda,Downs,Female,2004-09-27,8,1,2025-07-26 18:07:00,2025-07-26 18:07:00
93,Lauri,Mcdonald,Female,2011-08-20,0,1,2025-07-26 18:07:00,2025-07-26 18:07:00
94,Corinne,Whitehead,Female,2001-05-28,11,1,2025-07-26 18:07:00,2025-07-26 18:07:00
95,Terry,Whitehead,Female,2002-11-20,10,1,2025-07-26 18:07:00,2025-07-26 18:07:00
96,Van,Whitehead,Male,2003-02-13,9,1,2025-07-26 18:07:00,2025-07-26 18:07:00
97,Rhonda,Sexton,Female,2009-02-27,3,1,2025-07-26 18:07:00,2025-07-26 18:07:00
98,Susie,Sexton,Female,2010-11-15,2,1,2025-07-26 18:07:00,2025-07-26 18:07:00
99,Frederick,Sexton,Male,2010-10-16,0,1,2025-07-26 18:07:00,2025-07-26 18:07:00
100,Rena,Sexton,Female,2011-07-16,0,1,2025-07-26 18:07:00,2025-07-26 18:07:00
101,Luis,Sexton,Male,2012-06-25,1,1,2025-07-26 18:07:00,2025-07-26 18:07:00
102,Thanh,Bryant,Male,2002-02-22,10,1,2025-07-26 18:07:00,2025-07-26 18:07:00
103,Jessie,Bryant,Female,2003-09-05,9,1,2025-07-26 18:07:00,2025-07-26 18:07:00
104,Peggy,Berry,Female,2003-08-02,9,1,2025-07-26 18:07:00,2025-07-26 18:07:00
105,Tasha,Berry,Female,2004-04-18,8,1,2025-07-26 18:07:00,2025-07-26 18:07:00
106,Pablo,Berry,Male,2005-04-28,7,1,2025-07-26 18:07:00,2025-07-26 18:07:00
107,Leola,Robinson,Female,2004-02-11,8,1,2025-07-26 18:07:00,2025-07-26 18:07:00
108,Polly,Vasquez,Female,2001-11-26,11,1,2025-07-26 18:07:00,2025-07-26 18:07:00
109,Deandre,Vasquez,Male,2002-09-23,10,1,2025-07-26 18:07:00,2025-07-26 18:07:00
110,Mona,Vasquez,Female,2003-01-13,9,1,2025-07-26 18:07:00,2025-07-26 18:07:00
111,Janis,Maddox,Female,2011-03-15,0,1,2025-07-26 18:07:00,2025-07-26 18:07:00
112,Lonnie,Maddox,Male,2010-10-03,0,1,2025-07-26 18:07:00,2025-07-26 18:07:00
113,Ines,Dodson,Female,2002-07-09,10,1,2025-07-26 18:07:00,2025-07-26 18:07:00
114,Janna,Turner,Female,2011-07-15,0,1,2025-07-26 18:07:00,2025-07-26 18:07:00
115,Fay,Turner,Female,2010-03-14,0,1,2025-07-26 18:07:00,2025-07-26 18:07:00
116,Adriana,Turner,Female,2012-04-18,1,1,2025-07-26 18:07:00,2025-07-26 18:07:00
117,Shawn,Turner,Male,2012-03-17,1,1,2025-07-26 18:07:00,2025-07-26 18:07:00
118,Clarence,Turner,Male,2012-01-04,1,1,2025-07-26 18:07:00,2025-07-26 18:07:00
119,Chester,Turner,Male,2011-02-12,0,1,2025-07-26 18:07:00,2025-07-26 18:07:00
120,Ellis,Knox,Male,2000-06-20,12,1,2025-07-26 18:07:00,2025-07-26 18:07:00
121,Kelli,Knox,Female,2001-12-03,11,1,2025-07-26 18:07:00,2025-07-26 18:07:00
122,Jayne,Knox,Female,2002-07-21,10,1,2025-07-26 18:07:00,2025-07-26 18:07:00
123,Ofelia,Keller,Female,2011-03-17,0,1,2025-07-26 18:07:00,2025-07-26 18:07:00
124,Darla,Waller,Female,2007-05-26,5,1,2025-07-26 18:07:00,2025-07-26 18:07:00
125,Freeman,Waller,Male,2008-12-17,4,1,2025-07-26 18:07:00,2025-07-26 18:07:00
126,Tonia,Church,Female,2005-08-05,7,1,2025-07-26 18:07:00,2025-07-26 18:07:00
127,Harris,Church,Male,2006-12-10,6,1,2025-07-26 18:07:00,2025-07-26 18:07:00
128,Kimberley,Schroeder,Female,2005-12-15,7,1,2025-07-26 18:07:00,2025-07-26 18:07:00
129,Norberto,Schroeder,Male,2006-05-06,6,1,2025-07-26 18:07:00,2025-07-26 18:07:00
130,Shelly,Estrada,Female,2010-10-09,2,1,2025-07-26 18:07:00,2025-07-26 18:07:00
131,Jeffrey,Estrada,Male,2011-05-05,1,1,2025-07-26 18:07:00,2025-07-26 18:07:00
132,Sanford,Kelley,Male,2001-11-27,11,1,2025-07-26 18:07:00,2025-07-26 18:07:00
133,Queen,Kelley,Female,2002-05-13,10,1,2025-07-26 18:07:00,2025-07-26 18:07:00
134,Alexander,Cooke,Male,2001-08-09,11,1,2025-07-26 18:07:00,2025-07-26 18:07:00
135,Leonor,Cooke,Female,2002-01-22,10,1,2025-07-26 18:07:00,2025-07-26 18:07:00
136,Roy,Villarreal,Male,2000-04-15,12,1,2025-07-26 18:07:00,2025-07-26 18:07:00
137,Roseann,Villarreal,Female,2001-09-10,11,1,2025-07-26 18:07:00,2025-07-26 18:07:00
138,Leonor,Richmond,Female,2002-09-06,10,1,2025-07-26 18:07:00,2025-07-26 18:07:00
139,Louie,Richmond,Male,2003-05-03,9,1,2025-07-26 18:07:00,2025-07-26 18:07:00
140,Brooke,Richmond,Female,2004-07-19,8,1,2025-07-26 18:07:00,2025-07-26 18:07:00
141,Graciela,Malone,Female,2009-06-06,3,1,2025-07-26 18:07:00,2025-07-26 18:07:00
142,Thaddeus,Fisher,Male,2002-06-20,10,1,2025-07-26 18:07:00,2025-07-26 18:07:00
143,Wilma,Fisher,Female,2003-04-09,9,1,2025-07-26 18:07:00,2025-07-26 18:07:00
144,Lilian,Fisher,Female,2004-11-18,8,1,2025-07-26 18:07:00,2025-07-26 18:07:00
145,Peter,Santana,Male,2008-12-05,4,1,2025-07-26 18:07:00,2025-07-26 18:07:00
146,Nellie,Santana,Female,2009-06-19,3,1,2025-07-26 18:07:00,2025-07-26 18:07:00
147,Beverly,Welch,Female,2005-12-17,7,1,2025-07-26 18:07:00,2025-07-26 18:07:00
148,Gloria,Nielsen,Female,2003-03-09,9,1,2025-07-26 18:07:00,2025-07-26 18:07:00
149,Kyle,Nielsen,Male,2004-11-09,8,1,2025-07-26 18:07:00,2025-07-26 18:07:00
150,Jefferey,Nielsen,Male,2005-09-27,7,1,2025-07-26 18:07:00,2025-07-26 18:07:00
151,Beatrice,Nielsen,Female,2006-06-17,6,1,2025-07-26 18:07:00,2025-07-26 18:07:00
152,Thurman,Snow,Male,2010-03-17,2,1,2025-07-26 18:07:00,2025-07-26 18:07:00
153,Elizabeth,Snow,Female,2010-07-21,0,1,2025-07-26 18:07:00,2025-07-26 18:07:00
154,Mitchell,Huff,Male,2001-11-07,11,1,2025-07-26 18:07:00,2025-07-26 18:07:00
155,Gay,Huff,Female,2002-07-04,10,1,2025-07-26 18:07:00,2025-07-26 18:07:00
156,Robby,Huff,Male,2003-09-21,9,1,2025-07-26 18:07:00,2025-07-26 18:07:00
157,Nellie,Huff,Female,2004-12-19,8,1,2025-07-26 18:07:00,2025-07-26 18:07:00
158,Normand,Harrington,Male,2007-06-15,5,1,2025-07-26 18:07:00,2025-07-26 18:07:00
159,Patrick,Harrington,Male,2008-01-14,4,1,2025-07-26 18:07:00,2025-07-26 18:07:00
160,Krista,Harrington,Female,2009-11-12,3,1,2025-07-26 18:07:00,2025-07-26 18:07:00
161,Daphne,Harrington,Female,2010-04-11,2,1,2025-07-26 18:07:00,2025-07-26 18:07:00
162,Eduardo,Solis,Male,2002-08-20,10,1,2025-07-26 18:07:00,2025-07-26 18:07:00
163,Iva,Solis,Female,2003-10-03,9,1,2025-07-26 18:07:00,2025-07-26 18:07:00
164,Janelle,Solis,Female,2004-05-11,8,1,2025-07-26 18:07:00,2025-07-26 18:07:00
165,Georgette,Kinney,Female,2009-06-07,3,1,2025-07-26 18:07:00,2025-07-26 18:07:00
166,Nadia,Kinney,Female,2010-07-04,2,1,2025-07-26 18:07:00,2025-07-26 18:07:00
167,Landon,Kinney,Male,2010-12-24,0,1,2025-07-26 18:07:00,2025-07-26 18:07:00
168,Brandie,Morrison,Female,2010-12-10,0,1,2025-07-26 18:07:00,2025-07-26 18:07:00
169,Melvin,Morrison,Male,2012-02-20,1,1,2025-07-26 18:07:00,2025-07-26 18:07:00
170,Pasquale,Charles,Male,2006-05-21,6,1,2025-07-26 18:07:00,2025-07-26 18:07:00
171,Jan,Charles,Female,2007-01-04,5,1,2025-07-26 18:07:00,2025-07-26 18:07:00
172,Ingrid,Charles,Female,2008-11-07,4,1,2025-07-26 18:07:00,2025-07-26 18:07:00
173,Isabel,Lucas,Female,2003-05-07,9,1,2025-07-26 18:07:00,2025-07-26 18:07:00
174,Brianna,Bowers,Female,2008-05-23,4,1,2025-07-26 18:07:00,2025-07-26 18:07:00
175,Calvin,Bowers,Male,2009-06-03,3,1,2025-07-26 18:07:00,2025-07-26 18:07:00
176,Crystal,Burt,Female,2000-11-14,12,1,2025-07-26 18:07:00,2025-07-26 18:07:00
177,Lindsay,Glass,Female,2000-03-01,12,1,2025-07-26 18:07:00,2025-07-26 18:07:00
178,Velma,Glass,Female,2001-01-25,11,1,2025-07-26 18:07:00,2025-07-26 18:07:00
179,Royal,Glass,Male,2002-08-15,10,1,2025-07-26 18:07:00,2025-07-26 18:07:00
180,Glenda,Gates,Female,2005-10-22,7,1,2025-07-26 18:07:00,2025-07-26 18:07:00
181,Robert,Chapman,Female,2008-06-10,4,1,2025-07-26 18:07:00,2025-07-26 18:07:00
182,Deann,Chapman,Female,2009-07-21,3,1,2025-07-26 18:07:00,2025-07-26 18:07:00
183,Clarence,Chapman,Male,2010-04-14,2,1,2025-07-26 18:07:00,2025-07-26 18:07:00
184,Kareem,Horton,Male,2001-08-18,11,1,2025-07-26 18:07:00,2025-07-26 18:07:00
185,Hollie,Horton,Female,2002-01-06,10,1,2025-07-26 18:07:00,2025-07-26 18:07:00
186,Amado,Anthony,Male,2010-09-17,2,1,2025-07-26 18:07:00,2025-07-26 18:07:00
187,Guadalupe,Anthony,Female,2010-08-24,0,1,2025-07-26 18:07:00,2025-07-26 18:07:00
188,Terra,Brock,Female,2003-04-07,9,1,2025-07-26 18:07:00,2025-07-26 18:07:00
189,Arnold,Lowery,Male,2002-01-06,10,1,2025-07-26 18:07:00,2025-07-26 18:07:00
190,Nichole,Lowery,Female,2003-01-06,9,1,2025-07-26 18:07:00,2025-07-26 18:07:00
191,Cary,Glover,Male,2007-02-04,5,1,2025-07-26 18:07:00,2025-07-26 18:07:00
192,Heather,Glover,Female,2008-04-22,4,1,2025-07-26 18:07:00,2025-07-26 18:07:00
193,Ellen,Glover,Female,2009-12-26,3,1,2025-07-26 18:07:00,2025-07-26 18:07:00
194,Sharon,Glover,Female,2010-10-21,2,1,2025-07-26 18:07:00,2025-07-26 18:07:00
195,Antone,Glover,Male,2011-04-04,1,1,2025-07-26 18:07:00,2025-07-26 18:07:00
196,Aline,Mays,Female,2007-11-10,5,1,2025-07-26 18:07:00,2025-07-26 18:07:00
197,Claudette,Matthews,Female,2006-02-09,6,1,2025-07-26 18:07:00,2025-07-26 18:07:00
198,Leah,Yates,Female,2002-12-11,10,1,2025-07-26 18:07:00,2025-07-26 18:07:00
199,Elma,Clark,Female,2006-01-02,6,1,2025-07-26 18:07:00,2025-07-26 18:07:00
200,Rhonda,Clark,Female,2007-08-23,5,1,2025-07-26 18:07:00,2025-07-26 18:07:00
201,Royal,Clark,Male,2008-09-23,4,1,2025-07-26 18:07:00,2025-07-26 18:07:00
202,Cecelia,Hayes,Female,2003-03-03,9,1,2025-07-26 18:07:00,2025-07-26 18:07:00
203,John,Hayes,Male,2004-03-26,8,1,2025-07-26 18:07:00,2025-07-26 18:07:00
204,Traci,Daniels,Female,2006-12-23,6,1,2025-07-26 18:07:00,2025-07-26 18:07:00
205,Frances,Hall,Female,2001-02-06,11,1,2025-07-26 18:07:00,2025-07-26 18:07:00
206,Alyce,Stewart,Female,2000-08-10,12,1,2025-07-26 18:07:00,2025-07-26 18:07:00
207,Stephen,Stewart,Male,2001-07-26,11,1,2025-07-26 18:07:00,2025-07-26 18:07:00
208,Delmar,Stewart,Male,2002-07-18,10,1,2025-07-26 18:07:00,2025-07-26 18:07:00
209,Dee,Stewart,Female,2003-01-08,9,1,2025-07-26 18:07:00,2025-07-26 18:07:00
210,Elnora,White,Female,2004-08-13,8,1,2025-07-26 18:07:00,2025-07-26 18:07:00
211,Raquel,Blanchard,Female,2006-11-13,6,1,2025-07-26 18:07:00,2025-07-26 18:07:00
212,Tony,Erickson,Male,2007-05-14,5,1,2025-07-26 18:07:00,2025-07-26 18:07:00
213,James,Erickson,Female,2008-04-18,4,1,2025-07-26 18:07:00,2025-07-26 18:07:00
214,Colleen,Sullivan,Female,2001-02-20,11,1,2025-07-26 18:07:00,2025-07-26 18:07:00
215,Susana,Wilcox,Female,2005-07-10,7,1,2025-07-26 18:07:00,2025-07-26 18:07:00
216,Helen,Giles,Female,2001-09-01,11,1,2025-07-26 18:07:00,2025-07-26 18:07:00
217,Brady,Giles,Male,2002-12-26,10,1,2025-07-26 18:07:00,2025-07-26 18:07:00
218,Juliana,Hampton,Female,2005-07-16,7,1,2025-07-26 18:07:00,2025-07-26 18:07:00
219,Jeri,Hampton,Female,2006-01-28,6,1,2025-07-26 18:07:00,2025-07-26 18:07:00
220,Arnulfo,Hampton,Male,2007-09-04,5,1,2025-07-26 18:07:00,2025-07-26 18:07:00
221,Brooks,Hampton,Male,2008-05-12,4,1,2025-07-26 18:07:00,2025-07-26 18:07:00
222,Lucas,Graham,Male,2010-07-10,2,1,2025-07-26 18:07:00,2025-07-26 18:07:00
223,Carolina,Graham,Female,2010-03-12,0,1,2025-07-26 18:07:00,2025-07-26 18:07:00
224,Ada,King,Female,2004-12-13,8,1,2025-07-26 18:07:00,2025-07-26 18:07:00
225,Yesenia,King,Female,2005-04-22,7,1,2025-07-26 18:07:00,2025-07-26 18:07:00
226,Eliseo,King,Male,2006-02-13,6,1,2025-07-26 18:07:00,2025-07-26 18:07:00
227,Kaitlin,Shaffer,Female,2008-04-13,4,1,2025-07-26 18:07:00,2025-07-26 18:07:00
228,Teri,Head,Female,2009-10-12,3,1,2025-07-26 18:07:00,2025-07-26 18:07:00
229,Myles,Ford,Male,2008-10-14,4,1,2025-07-26 18:07:00,2025-07-26 18:07:00
230,Esmeralda,Ford,Female,2009-01-24,3,1,2025-07-26 18:07:00,2025-07-26 18:07:00
231,Guadalupe,Alvarez,Female,2005-01-22,7,1,2025-07-26 18:07:00,2025-07-26 18:07:00
232,Amado,Alvarez,Male,2006-05-01,6,1,2025-07-26 18:07:00,2025-07-26 18:07:00
233,Anderson,Mcintosh,Male,2001-08-15,11,1,2025-07-26 18:07:00,2025-07-26 18:07:00
234,Gena,Mcintosh,Female,2002-11-19,10,1,2025-07-26 18:07:00,2025-07-26 18:07:00
235,Beryl,Cameron,Female,2010-02-07,2,1,2025-07-26 18:07:00,2025-07-26 18:07:00
236,Wilbert,House,Male,2012-02-01,1,1,2025-07-26 18:07:00,2025-07-26 18:07:00
237,Hope,House,Female,2010-07-05,0,1,2025-07-26 18:07:00,2025-07-26 18:07:00
238,Patrica,House,Female,2012-08-27,1,1,2025-07-26 18:07:00,2025-07-26 18:07:00
239,Jake,Cochran,Male,2006-09-19,6,1,2025-07-26 18:07:00,2025-07-26 18:07:00
240,Lupe,Cochran,Female,2007-02-03,5,1,2025-07-26 18:07:00,2025-07-26 18:07:00
241,Misty,Buckner,Female,2012-12-26,1,1,2025-07-26 18:07:00,2025-07-26 18:07:00
242,Cynthia,Barrera,Female,2005-04-11,7,1,2025-07-26 18:07:00,2025-07-26 18:07:00
243,Max,Barrera,Male,2006-05-22,6,1,2025-07-26 18:07:00,2025-07-26 18:07:00
244,Jan,Barrera,Male,2007-11-21,5,1,2025-07-26 18:07:00,2025-07-26 18:07:00
245,Savannah,Barrera,Female,2008-01-13,4,1,2025-07-26 18:07:00,2025-07-26 18:07:00
246,Blake,Cannon,Male,2004-05-19,8,1,2025-07-26 18:07:00,2025-07-26 18:07:00
247,Juliana,Cannon,Female,2005-06-05,7,1,2025-07-26 18:07:00,2025-07-26 18:07:00
248,Grover,Cannon,Male,2006-11-02,6,1,2025-07-26 18:07:00,2025-07-26 18:07:00
249,Annie,Cannon,Female,2007-03-08,5,1,2025-07-26 18:07:00,2025-07-26 18:07:00
250,Jesus,Woodard,Male,2003-09-02,9,1,2025-07-26 18:07:00,2025-07-26 18:07:00
251,Karina,Woodard,Female,2004-02-27,8,1,2025-07-26 18:07:00,2025-07-26 18:07:00
252,Neal,Woodard,Male,2005-04-02,7,1,2025-07-26 18:07:00,2025-07-26 18:07:00
253,Sadie,Woodard,Female,2006-09-14,6,1,2025-07-26 18:07:00,2025-07-26 18:07:00
254,Lauren,Shannon,Female,2002-12-04,10,1,2025-07-26 18:07:00,2025-07-26 18:07:00
255,Carroll,Shannon,Male,2003-07-03,9,1,2025-07-26 18:07:00,2025-07-26 18:07:00
256,Lorrie,Park,Female,2011-10-14,1,1,2025-07-26 18:07:00,2025-07-26 18:07:00
257,Bruce,Park,Male,2012-10-26,1,1,2025-07-26 18:07:00,2025-07-26 18:07:00
258,Marta,Hickman,Female,2012-05-21,1,1,2025-07-26 18:07:00,2025-07-26 18:07:00
259,Nannie,Wong,Female,2008-03-11,4,1,2025-07-26 18:07:00,2025-07-26 18:07:00
260,Jolene,Craig,Female,2006-02-05,6,1,2025-07-26 18:07:00,2025-07-26 18:07:00
261,Fredric,Craig,Male,2007-04-23,5,1,2025-07-26 18:07:00,2025-07-26 18:07:00
262,Issac,Craig,Male,2008-04-08,4,1,2025-07-26 18:07:00,2025-07-26 18:07:00
263,Maribel,Craig,Female,2009-12-03,3,1,2025-07-26 18:07:00,2025-07-26 18:07:00
264,Mae,Craig,Female,2010-11-02,2,1,2025-07-26 18:07:00,2025-07-26 18:07:00
265,Stacey,Cervantes,Female,2006-02-07,6,1,2025-07-26 18:07:00,2025-07-26 18:07:00
266,Gayle,Franco,Female,2005-06-28,7,1,2025-07-26 18:07:00,2025-07-26 18:07:00
267,Eileen,Holmes,Female,2012-04-24,1,1,2025-07-26 18:07:00,2025-07-26 18:07:00
268,Gale,Dillon,Female,2009-05-10,3,1,2025-07-26 18:07:00,2025-07-26 18:07:00
269,Barry,Dillon,Male,2010-09-03,2,1,2025-07-26 18:07:00,2025-07-26 18:07:00
270,Lawanda,Griffin,Female,2001-08-10,11,1,2025-07-26 18:07:00,2025-07-26 18:07:00
271,Brandie,Griffin,Female,2002-02-01,10,1,2025-07-26 18:07:00,2025-07-26 18:07:00
272,Donovan,Griffin,Male,2003-09-15,9,1,2025-07-26 18:07:00,2025-07-26 18:07:00
273,Rodger,Sharpe,Male,2010-07-01,2,1,2025-07-26 18:07:00,2025-07-26 18:07:00
274,Lucy,Sharpe,Female,2011-02-12,1,1,2025-07-26 18:07:00,2025-07-26 18:07:00
275,Sharon,Stevenson,Female,2011-02-21,0,1,2025-07-26 18:07:00,2025-07-26 18:07:00
276,Dominique,Schmidt,Male,2003-02-19,9,1,2025-07-26 18:07:00,2025-07-26 18:07:00
277,Aileen,Schmidt,Female,2004-05-23,8,1,2025-07-26 18:07:00,2025-07-26 18:07:00
278,Isabella,Schmidt,Female,2005-10-02,7,1,2025-07-26 18:07:00,2025-07-26 18:07:00
279,Leon,Macdonald,Male,2000-11-26,12,1,2025-07-26 18:07:00,2025-07-26 18:07:00
280,Liliana,Macdonald,Female,2001-11-07,11,1,2025-07-26 18:07:00,2025-07-26 18:07:00
281,Milford,Figueroa,Male,2011-05-22,0,1,2025-07-26 18:07:00,2025-07-26 18:07:00
282,Shelly,Figueroa,Female,2010-03-18,0,1,2025-07-26 18:07:00,2025-07-26 18:07:00
283,Maritza,Figueroa,Female,2012-11-01,1,1,2025-07-26 18:07:00,2025-07-26 18:07:00
284,Kimberly,Farmer,Female,2004-06-23,8,1,2025-07-26 18:07:00,2025-07-26 18:07:00
285,Matt,Farmer,Male,2005-01-22,7,1,2025-07-26 18:07:00,2025-07-26 18:07:00
286,Jana,Beard,Female,2009-05-11,3,1,2025-07-26 18:07:00,2025-07-26 18:07:00
287,Major,Beard,Male,2010-12-23,2,1,2025-07-26 18:07:00,2025-07-26 18:07:00
288,Carla,Beard,Female,2011-05-26,1,1,2025-07-26 18:07:00,2025-07-26 18:07:00
289,Craig,Beard,Male,2011-07-11,0,1,2025-07-26 18:07:00,2025-07-26 18:07:00
290,Corrine,Conway,Female,2006-12-26,6,1,2025-07-26 18:07:00,2025-07-26 18:07:00
291,Nicholas,Conway,Male,2007-05-03,5,1,2025-07-26 18:07:00,2025-07-26 18:07:00
292,Penny,Conway,Female,2008-05-16,4,1,2025-07-26 18:07:00,2025-07-26 18:07:00
293,Eugenia,Ferguson,Female,2000-08-10,12,1,2025-07-26 18:07:00,2025-07-26 18:07:00
294,Linda,Gallagher,Female,2004-05-10,8,1,2025-07-26 18:07:00,2025-07-26 18:07:00
295,Nichole,Baird,Female,2002-04-23,10,1,2025-07-26 18:07:00,2025-07-26 18:07:00
296,Ignacio,Baird,Male,2003-04-17,9,1,2025-07-26 18:07:00,2025-07-26 18:07:00
297,Martina,Slater,Female,2002-01-03,10,1,2025-07-26 18:07:00,2025-07-26 18:07:00
298,Tristan,Slater,Male,2003-07-14,9,1,2025-07-26 18:07:00,2025-07-26 18:07:00
299,Ginger,Slater,Female,2004-02-27,8,1,2025-07-26 18:07:00,2025-07-26 18:07:00
300,Art,Slater,Male,2005-07-27,7,1,2025-07-26 18:07:00,2025-07-26 18:07:00
301,Bette,Banks,Female,2003-05-23,9,1,2025-07-26 18:07:00,2025-07-26 18:07:00
302,Ines,Wagner,Female,2007-08-03,5,1,2025-07-26 18:07:00,2025-07-26 18:07:00
303,Winston,Wagner,Male,2008-04-23,4,1,2025-07-26 18:07:00,2025-07-26 18:07:00
304,Kristy,Pratt,Female,2011-12-15,1,1,2025-07-26 18:07:00,2025-07-26 18:07:00
305,Angeline,Pratt,Female,2012-07-15,1,1,2025-07-26 18:07:00,2025-07-26 18:07:00
306,Freddie,Pratt,Male,2012-11-03,1,1,2025-07-26 18:07:00,2025-07-26 18:07:00
307,Meghan,Pratt,Female,2012-04-18,1,1,2025-07-26 18:07:00,2025-07-26 18:07:00
308,Rene,Pratt,Male,2011-10-21,0,1,2025-07-26 18:07:00,2025-07-26 18:07:00
309,Kirby,Robles,Male,2009-06-21,3,1,2025-07-26 18:07:00,2025-07-26 18:07:00
310,Helene,Robles,Female,2010-03-22,2,1,2025-07-26 18:07:00,2025-07-26 18:07:00
311,Liza,Mathews,Female,2011-12-11,0,1,2025-07-26 18:07:00,2025-07-26 18:07:00
312,Madeline,Mathews,Female,2011-03-19,1,1,2025-07-26 18:07:00,2025-07-26 18:07:00
313,Carol,Mathews,Male,2012-01-06,1,1,2025-07-26 18:07:00,2025-07-26 18:07:00
314,Thanh,Mathews,Male,2011-07-26,0,1,2025-07-26 18:07:00,2025-07-26 18:07:00
315,Jake,Henry,Male,2003-06-18,9,1,2025-07-26 18:07:00,2025-07-26 18:07:00
316,Alexandria,Henry,Female,2004-03-14,8,1,2025-07-26 18:07:00,2025-07-26 18:07:00
317,Madeline,Henry,Female,2005-03-20,7,1,2025-07-26 18:07:00,2025-07-26 18:07:00
318,Tyree,Benton,Male,2004-07-02,8,1,2025-07-26 18:07:00,2025-07-26 18:07:00
319,Heather,Benton,Female,2005-10-05,7,1,2025-07-26 18:07:00,2025-07-26 18:07:00
320,Marva,Roman,Female,2009-11-17,3,1,2025-07-26 18:07:00,2025-07-26 18:07:00
321,Manuela,Small,Female,2000-02-09,12,1,2025-07-26 18:07:00,2025-07-26 18:07:00
322,Cherie,Holden,Female,2005-01-22,7,1,2025-07-26 18:07:00,2025-07-26 18:07:00
323,Lacey,Hudson,Female,2011-12-08,0,1,2025-07-26 18:07:00,2025-07-26 18:07:00
324,Garth,Hudson,Male,2010-04-20,0,1,2025-07-26 18:07:00,2025-07-26 18:07:00
325,Angela,Collins,Female,2005-01-02,7,1,2025-07-26 18:07:00,2025-07-26 18:07:00
326,Juliana,Collins,Female,2006-09-16,6,1,2025-07-26 18:07:00,2025-07-26 18:07:00
327,Damian,Collins,Male,2007-04-07,5,1,2025-07-26 18:07:00,2025-07-26 18:07:00
328,Edith,Fields,Female,2012-09-13,1,1,2025-07-26 18:07:00,2025-07-26 18:07:00
329,Karen,Warren,Female,2002-10-21,10,1,2025-07-26 18:07:00,2025-07-26 18:07:00
330,Elbert,Warren,Male,2003-11-16,9,1,2025-07-26 18:07:00,2025-07-26 18:07:00
331,Marilyn,Jacobs,Female,2012-12-25,1,1,2025-07-26 18:07:00,2025-07-26 18:07:00
332,Doug,Short,Male,2004-07-09,8,1,2025-07-26 18:07:00,2025-07-26 18:07:00
333,Carmella,Short,Female,2005-06-03,7,1,2025-07-26 18:07:00,2025-07-26 18:07:00
334,Ward,Short,Male,2006-07-23,6,1,2025-07-26 18:07:00,2025-07-26 18:07:00
335,Nina,Short,Female,2007-12-24,5,1,2025-07-26 18:07:00,2025-07-26 18:07:00
336,Jefferson,Delacruz,Male,2009-04-12,3,1,2025-07-26 18:07:00,2025-07-26 18:07:00
337,Kristen,Delacruz,Female,2010-07-17,2,1,2025-07-26 18:07:00,2025-07-26 18:07:00
338,Jeanine,Richards,Female,2006-01-02,6,1,2025-07-26 18:07:00,2025-07-26 18:07:00
339,Marshall,Richards,Male,2007-02-25,5,1,2025-07-26 18:07:00,2025-07-26 18:07:00
340,Wiley,Joyner,Male,2005-05-22,7,1,2025-07-26 18:07:00,2025-07-26 18:07:00
341,Kerri,Joyner,Female,2006-12-14,6,1,2025-07-26 18:07:00,2025-07-26 18:07:00
342,Elsie,Oneill,Female,2002-01-05,10,1,2025-07-26 18:07:00,2025-07-26 18:07:00
343,Robert,Ayala,Female,2008-12-24,4,1,2025-07-26 18:07:00,2025-07-26 18:07:00
344,Justine,Ayala,Female,2009-05-22,3,1,2025-07-26 18:07:00,2025-07-26 18:07:00
345,Zachery,Ayala,Male,2010-03-14,2,1,2025-07-26 18:07:00,2025-07-26 18:07:00
346,Clifford,Ayala,Male,2010-08-11,0,1,2025-07-26 18:07:00,2025-07-26 18:07:00
347,Meredith,Ayala,Female,2012-09-20,1,1,2025-07-26 18:07:00,2025-07-26 18:07:00
348,Janelle,Watson,Female,2006-02-16,6,1,2025-07-26 18:07:00,2025-07-26 18:07:00
349,Denise,Vincent,Female,2001-01-26,11,1,2025-07-26 18:07:00,2025-07-26 18:07:00
350,Lula,Vincent,Female,2002-02-21,10,1,2025-07-26 18:07:00,2025-07-26 18:07:00
351,Lazaro,Vincent,Male,2003-04-12,9,1,2025-07-26 18:07:00,2025-07-26 18:07:00
352,Marissa,Vincent,Female,2004-01-05,8,1,2025-07-26 18:07:00,2025-07-26 18:07:00
353,Major,Vincent,Male,2005-09-21,7,1,2025-07-26 18:07:00,2025-07-26 18:07:00
354,Rhoda,Golden,Female,2003-05-27,9,1,2025-07-26 18:07:00,2025-07-26 18:07:00
355,Boyd,Golden,Male,2004-11-19,8,1,2025-07-26 18:07:00,2025-07-26 18:07:00
356,Ethel,Golden,Female,2005-03-27,7,1,2025-07-26 18:07:00,2025-07-26 18:07:00
357,Ethel,Miller,Female,2010-07-18,0,1,2025-07-26 18:07:00,2025-07-26 18:07:00
358,Noah,Callahan,Male,2003-03-07,9,1,2025-07-26 18:07:00,2025-07-26 18:07:00
359,Shawn,Callahan,Female,2004-09-02,8,1,2025-07-26 18:07:00,2025-07-26 18:07:00
360,Deloris,Young,Female,2001-10-18,11,1,2025-07-26 18:07:00,2025-07-26 18:07:00
361,Magdalena,Walters,Female,2007-01-19,5,1,2025-07-26 18:07:00,2025-07-26 18:07:00
362,Cecil,Nelson,Male,2010-10-18,2,1,2025-07-26 18:07:00,2025-07-26 18:07:00
363,Robert,Nelson,Female,2010-08-17,0,1,2025-07-26 18:07:00,2025-07-26 18:07:00
364,Karen,Nelson,Female,2012-10-21,1,1,2025-07-26 18:07:00,2025-07-26 18:07:00
365,Myrtle,Nelson,Female,2012-06-17,1,1,2025-07-26 18:07:00,2025-07-26 18:07:00
366,Lucien,Nelson,Male,2012-12-13,1,1,2025-07-26 18:07:00,2025-07-26 18:07:00
367,Irma,Higgins,Female,2002-08-20,10,1,2025-07-26 18:07:00,2025-07-26 18:07:00
368,Bridget,Kramer,Female,2010-03-18,0,1,2025-07-26 18:07:00,2025-07-26 18:07:00
369,Mavis,Kramer,Female,2012-09-01,1,1,2025-07-26 18:07:00,2025-07-26 18:07:00
370,Homer,Kramer,Male,2011-09-14,0,1,2025-07-26 18:07:00,2025-07-26 18:07:00
371,Merrill,Kramer,Male,2012-10-16,1,1,2025-07-26 18:07:00,2025-07-26 18:07:00
372,Moses,Navarro,Male,2002-10-12,10,1,2025-07-26 18:07:00,2025-07-26 18:07:00
373,Constance,Navarro,Female,2003-02-10,9,1,2025-07-26 18:07:00,2025-07-26 18:07:00
374,Stanley,Leonard,Male,2000-01-10,12,1,2025-07-26 18:07:00,2025-07-26 18:07:00
375,Vera,Leonard,Female,2001-04-19,11,1,2025-07-26 18:07:00,2025-07-26 18:07:00
376,Reba,Leonard,Female,2002-09-14,10,1,2025-07-26 18:07:00,2025-07-26 18:07:00
377,Elsie,Rosa,Female,2002-01-17,10,1,2025-07-26 18:07:00,2025-07-26 18:07:00
378,Alice,Lynch,Female,2012-01-22,1,1,2025-07-26 18:07:00,2025-07-26 18:07:00
379,Esther,Frederick,Female,2009-02-12,3,1,2025-07-26 18:07:00,2025-07-26 18:07:00
380,Trudy,Johnson,Female,2010-01-10,2,1,2025-07-26 18:07:00,2025-07-26 18:07:00
381,Teri,Rodriquez,Female,2009-10-04,3,1,2025-07-26 18:07:00,2025-07-26 18:07:00
382,Kory,Rodriquez,Male,2010-08-09,2,1,2025-07-26 18:07:00,2025-07-26 18:07:00
383,Dante,Hoover,Male,2001-07-11,11,1,2025-07-26 18:07:00,2025-07-26 18:07:00
384,Rene,Hoover,Male,2002-06-07,10,1,2025-07-26 18:07:00,2025-07-26 18:07:00
385,Kelsey,Hoover,Female,2003-11-21,9,1,2025-07-26 18:07:00,2025-07-26 18:07:00
386,Geraldine,Hoover,Female,2004-08-05,8,1,2025-07-26 18:07:00,2025-07-26 18:07:00
387,Susanne,Hoover,Female,2005-12-03,7,1,2025-07-26 18:07:00,2025-07-26 18:07:00
388,Leta,Dillard,Female,2010-07-06,2,1,2025-07-26 18:07:00,2025-07-26 18:07:00
389,Dana,Dillard,Female,2011-04-11,1,1,2025-07-26 18:07:00,2025-07-26 18:07:00
390,Benny,Dillard,Male,2011-08-19,0,1,2025-07-26 18:07:00,2025-07-26 18:07:00
391,Lula,Dillard,Female,2011-03-03,0,1,2025-07-26 18:07:00,2025-07-26 18:07:00
392,Timothy,Dillard,Male,2011-10-22,0,1,2025-07-26 18:07:00,2025-07-26 18:07:00
393,Coy,Dillard,Male,2012-06-13,1,1,2025-07-26 18:07:00,2025-07-26 18:07:00
394,Lacey,Suarez,Female,2007-01-14,5,1,2025-07-26 18:07:00,2025-07-26 18:07:00
395,Rafael,Morales,Male,2006-03-23,6,1,2025-07-26 18:07:00,2025-07-26 18:07:00
396,Faye,Morales,Female,2007-01-23,5,1,2025-07-26 18:07:00,2025-07-26 18:07:00
397,Bianca,Morales,Female,2008-11-15,4,1,2025-07-26 18:07:00,2025-07-26 18:07:00
398,Lucas,Duran,Male,2009-07-19,3,1,2025-07-26 18:07:00,2025-07-26 18:07:00
399,Jan,Duran,Female,2010-11-21,2,1,2025-07-26 18:07:00,2025-07-26 18:07:00
400,Ronny,Spence,Male,2010-08-03,2,1,2025-07-26 18:07:00,2025-07-26 18:07:00
401,Geraldine,Spence,Female,2011-07-07,1,1,2025-07-26 18:07:00,2025-07-26 18:07:00
402,Terrence,Spence,Male,2012-03-10,1,1,2025-07-26 18:07:00,2025-07-26 18:07:00
403,Kenya,Spence,Female,2011-08-25,0,1,2025-07-26 18:07:00,2025-07-26 18:07:00
404,Dolores,Dickerson,Female,2010-10-15,2,1,2025-07-26 18:07:00,2025-07-26 18:07:00
405,Elias,Bates,Male,2012-05-21,1,1,2025-07-26 18:07:00,2025-07-26 18:07:00
406,Celia,Bates,Female,2010-11-06,0,1,2025-07-26 18:07:00,2025-07-26 18:07:00
407,Minerva,Mccullough,Female,2003-11-10,9,1,2025-07-26 18:07:00,2025-07-26 18:07:00
408,Normand,Fletcher,Male,2004-07-17,8,1,2025-07-26 18:07:00,2025-07-26 18:07:00
409,Mai,Fletcher,Female,2005-01-08,7,1,2025-07-26 18:07:00,2025-07-26 18:07:00
410,Gilda,Fletcher,Female,2006-07-10,6,1,2025-07-26 18:07:00,2025-07-26 18:07:00
411,Judy,Hull,Female,2000-07-02,12,1,2025-07-26 18:07:00,2025-07-26 18:07:00
412,Susanna,Hull,Female,2001-01-01,11,1,2025-07-26 18:07:00,2025-07-26 18:07:00
413,Orlando,Hull,Male,2002-04-28,10,1,2025-07-26 18:07:00,2025-07-26 18:07:00
414,Grover,Hull,Male,2003-10-26,9,1,2025-07-26 18:07:00,2025-07-26 18:07:00
415,Erick,Hart,Male,2002-07-25,10,1,2025-07-26 18:07:00,2025-07-26 18:07:00
416,Rochelle,Hart,Female,2003-03-16,9,1,2025-07-26 18:07:00,2025-07-26 18:07:00
417,Candice,Griffith,Female,2007-11-26,5,1,2025-07-26 18:07:00,2025-07-26 18:07:00
418,Shelly,Odom,Female,2006-11-20,6,1,2025-07-26 18:07:00,2025-07-26 18:07:00
419,Merrill,Odom,Male,2007-06-02,5,1,2025-07-26 18:07:00,2025-07-26 18:07:00
420,Felecia,Odom,Female,2008-04-03,4,1,2025-07-26 18:07:00,2025-07-26 18:07:00
421,Neil,Obrien,Male,2011-08-05,1,1,2025-07-26 18:07:00,2025-07-26 18:07:00
422,Brooke,Obrien,Female,2012-08-10,1,1,2025-07-26 18:07:00,2025-07-26 18:07:00
423,Billie,Farrell,Female,2009-12-05,3,1,2025-07-26 18:07:00,2025-07-26 18:07:00
424,Ethan,Farrell,Male,2010-08-13,2,1,2025-07-26 18:07:00,2025-07-26 18:07:00
425,Corrine,Martin,Female,2010-02-26,2,1,2025-07-26 18:07:00,2025-07-26 18:07:00
426,Sheryl,Grant,Female,2007-01-05,5,1,2025-07-26 18:07:00,2025-07-26 18:07:00
427,Sadie,Roth,Female,2006-05-09,6,1,2025-07-26 18:07:00,2025-07-26 18:07:00
428,Federico,Roth,Male,2007-06-14,5,1,2025-07-26 18:07:00,2025-07-26 18:07:00
429,Rosalind,Chaney,Female,2008-01-17,4,1,2025-07-26 18:07:00,2025-07-26 18:07:00
430,Monroe,Lara,Male,2000-11-28,12,1,2025-07-26 18:07:00,2025-07-26 18:07:00
431,Francine,Lara,Female,2001-12-26,11,1,2025-07-26 18:07:00,2025-07-26 18:07:00
432,Karyn,Lara,Female,2002-06-19,10,1,2025-07-26 18:07:00,2025-07-26 18:07:00
433,Wilton,Riddle,Male,2011-11-21,0,1,2025-07-26 18:07:00,2025-07-26 18:07:00
434,Ursula,Riddle,Female,2011-10-08,1,1,2025-07-26 18:07:00,2025-07-26 18:07:00
435,Andrea,Wynn,Female,2003-08-08,9,1,2025-07-26 18:07:00,2025-07-26 18:07:00
436,Sydney,Kelly,Male,2003-11-09,9,1,2025-07-26 18:07:00,2025-07-26 18:07:00
437,Clara,Kelly,Female,2004-10-03,8,1,2025-07-26 18:07:00,2025-07-26 18:07:00
438,Kennith,Kelly,Male,2005-07-07,7,1,2025-07-26 18:07:00,2025-07-26 18:07:00
439,Sherri,Kelly,Female,2006-08-06,6,1,2025-07-26 18:07:00,2025-07-26 18:07:00
440,Lenora,Kelly,Female,2007-09-25,5,1,2025-07-26 18:07:00,2025-07-26 18:07:00
441,Millie,Lyons,Female,2008-11-13,4,1,2025-07-26 18:07:00,2025-07-26 18:07:00
442,Delmar,Lyons,Male,2009-03-09,3,1,2025-07-26 18:07:00,2025-07-26 18:07:00
443,Tricia,Lyons,Female,2010-10-02,2,1,2025-07-26 18:07:00,2025-07-26 18:07:00
444,Jerome,Thornton,Male,2008-10-08,4,1,2025-07-26 18:07:00,2025-07-26 18:07:00
445,Letitia,Thornton,Female,2009-12-09,3,1,2025-07-26 18:07:00,2025-07-26 18:07:00
446,Becky,Barnes,Female,2004-09-17,8,1,2025-07-26 18:07:00,2025-07-26 18:07:00
447,Joesph,Barnes,Male,2005-12-14,7,1,2025-07-26 18:07:00,2025-07-26 18:07:00
448,Dona,Meyers,Female,2011-11-04,1,1,2025-07-26 18:07:00,2025-07-26 18:07:00
449,Lila,Osborne,Female,2011-08-17,1,1,2025-07-26 18:07:00,2025-07-26 18:07:00
450,Kitty,Moody,Female,2011-02-26,1,1,2025-07-26 18:07:00,2025-07-26 18:07:00
451,Mitzi,Benson,Female,2010-09-11,0,1,2025-07-26 18:07:00,2025-07-26 18:07:00
452,Beulah,Carver,Female,2003-03-01,9,1,2025-07-26 18:07:00,2025-07-26 18:07:00
453,Danial,Underwood,Male,2012-06-12,1,1,2025-07-26 18:07:00,2025-07-26 18:07:00
454,Alana,Underwood,Female,2011-10-01,1,1,2025-07-26 18:07:00,2025-07-26 18:07:00
455,Jeannine,Holcomb,Female,2002-12-11,10,1,2025-07-26 18:07:00,2025-07-26 18:07:00
456,Clyde,Holcomb,Male,2003-07-22,9,1,2025-07-26 18:07:00,2025-07-26 18:07:00
457,Rene,Cook,Female,2003-08-16,9,1,2025-07-26 18:07:00,2025-07-26 18:07:00
458,Barbara,Cook,Female,2004-09-28,8,1,2025-07-26 18:07:00,2025-07-26 18:07:00
459,Arturo,Cook,Male,2005-06-21,7,1,2025-07-26 18:07:00,2025-07-26 18:07:00
460,Jannie,Hess,Female,2010-03-07,0,1,2025-07-26 18:07:00,2025-07-26 18:07:00
461,Numbers,Hess,Male,2011-06-25,0,1,2025-07-26 18:07:00,2025-07-26 18:07:00
462,Muriel,Hess,Female,2011-05-21,0,1,2025-07-26 18:07:00,2025-07-26 18:07:00
463,Billie,Hess,Male,2012-12-08,1,1,2025-07-26 18:07:00,2025-07-26 18:07:00
464,Henrietta,Sandoval,Female,2010-04-20,2,1,2025-07-26 18:07:00,2025-07-26 18:07:00
465,Benny,Sandoval,Male,2010-10-24,0,1,2025-07-26 18:07:00,2025-07-26 18:07:00
466,Socorro,Jordan,Female,2010-11-11,2,1,2025-07-26 18:07:00,2025-07-26 18:07:00
467,Felecia,Jordan,Female,2010-01-15,0,1,2025-07-26 18:07:00,2025-07-26 18:07:00
468,Lindsey,Jordan,Male,2011-04-02,0,1,2025-07-26 18:07:00,2025-07-26 18:07:00
469,Dustin,Jordan,Male,2011-08-12,0,1,2025-07-26 18:07:00,2025-07-26 18:07:00
470,Olive,Le,Female,2010-06-06,0,1,2025-07-26 18:07:00,2025-07-26 18:07:00
471,Mitchel,Le,Male,2012-11-21,1,1,2025-07-26 18:07:00,2025-07-26 18:07:00
472,Rosemary,Le,Female,2011-07-10,0,1,2025-07-26 18:07:00,2025-07-26 18:07:00
473,Luella,Simon,Female,2003-10-21,9,1,2025-07-26 18:07:00,2025-07-26 18:07:00
474,Cherry,Salinas,Female,2002-04-24,10,1,2025-07-26 18:07:00,2025-07-26 18:07:00
475,Son,Salinas,Male,2003-07-22,9,1,2025-07-26 18:07:00,2025-07-26 18:07:00
476,May,David,Female,2010-11-19,2,1,2025-07-26 18:07:00,2025-07-26 18:07:00
477,Cindy,Mann,Female,2005-03-27,7,1,2025-07-26 18:07:00,2025-07-26 18:07:00
478,Keisha,Daniel,Female,2011-08-05,0,1,2025-07-26 18:07:00,2025-07-26 18:07:00
479,Shannon,Daniel,Male,2011-04-22,1,1,2025-07-26 18:07:00,2025-07-26 18:07:00
480,Vera,Daniel,Female,2011-06-13,0,1,2025-07-26 18:07:00,2025-07-26 18:07:00
481,Lacey,Nunez,Female,2012-02-09,1,1,2025-07-26 18:07:00,2025-07-26 18:07:00
482,Mai,Nunez,Female,2010-05-28,0,1,2025-07-26 18:07:00,2025-07-26 18:07:00
483,Minnie,Nunez,Female,2011-03-06,0,1,2025-07-26 18:07:00,2025-07-26 18:07:00
484,Stefan,Nunez,Male,2011-12-26,0,1,2025-07-26 18:07:00,2025-07-26 18:07:00
485,Elliot,Nunez,Male,2012-11-13,1,1,2025-07-26 18:07:00,2025-07-26 18:07:00
486,Eugenia,Ellis,Female,2006-12-04,6,1,2025-07-26 18:07:00,2025-07-26 18:07:00
487,Darcy,Bonner,Female,2011-08-24,0,1,2025-07-26 18:07:00,2025-07-26 18:07:00
488,Nita,Hendrix,Female,2003-06-21,9,1,2025-07-26 18:07:00,2025-07-26 18:07:00
489,Shane,Hendrix,Male,2004-03-15,8,1,2025-07-26 18:07:00,2025-07-26 18:07:00
490,Ophelia,Hendrix,Female,2005-02-28,7,1,2025-07-26 18:07:00,2025-07-26 18:07:00
491,Celeste,Gross,Female,2002-11-16,10,1,2025-07-26 18:07:00,2025-07-26 18:07:00
492,Estela,Macias,Female,2005-08-05,7,1,2025-07-26 18:07:00,2025-07-26 18:07:00
493,Nikki,Mitchell,Female,2006-08-24,6,1,2025-07-26 18:07:00,2025-07-26 18:07:00
494,Virgil,Wise,Male,2001-03-28,11,1,2025-07-26 18:07:00,2025-07-26 18:07:00
495,Herschel,Wise,Male,2002-10-04,10,1,2025-07-26 18:07:00,2025-07-26 18:07:00
496,Araceli,Wise,Female,2003-07-11,9,1,2025-07-26 18:07:00,2025-07-26 18:07:00
497,Loraine,Wise,Female,2004-04-10,8,1,2025-07-26 18:07:00,2025-07-26 18:07:00
498,Cassandra,Simmons,Female,2000-09-15,12,1,2025-07-26 18:07:00,2025-07-26 18:07:00
499,Colby,Simmons,Male,2001-10-24,11,1,2025-07-26 18:07:00,2025-07-26 18:07:00
500,Ruby,Herman,Female,2004-04-17,8,1,2025-07-26 18:07:00,2025-07-26 18:07:00
501,Candy,Cooper,Female,2013-08-16,1,2,2025-07-26 18:07:00,2025-07-26 18:07:00
502,Diann,Boyd,Female,2012-06-27,0,2,2025-07-26 18:07:00,2025-07-26 18:07:00
503,Meagan,Patel,Female,2012-07-11,0,2,2025-07-26 18:07:00,2025-07-26 18:07:00
504,Virgil,Tanner,Male,2013-11-08,1,2,2025-07-26 18:07:00,2025-07-26 18:07:00
505,Veronica,Cruz,Female,2012-07-11,0,2,2025-07-26 18:07:00,2025-07-26 18:07:00
506,Evangelina,Clemons,Female,2013-07-01,1,2,2025-07-26 18:07:00,2025-07-26 18:07:00
507,Mary,Holt,Male,2013-06-08,1,2,2025-07-26 18:07:00,2025-07-26 18:07:00
508,Dean,Dejesus,Male,2013-08-28,1,2,2025-07-26 18:07:00,2025-07-26 18:07:00
509,Colby,Shaw,Male,2013-03-26,1,2,2025-07-26 18:07:00,2025-07-26 18:07:00
510,Marquita,Guerrero,Female,2013-07-12,1,2,2025-07-26 18:07:00,2025-07-26 18:07:00
511,Helena,Justice,Female,2013-06-03,1,2,2025-07-26 18:07:00,2025-07-26 18:07:00
512,Stephanie,Wyatt,Female,2012-12-02,0,2,2025-07-26 18:07:00,2025-07-26 18:07:00
513,Drew,Sloan,Male,2012-04-05,0,2,2025-07-26 18:07:00,2025-07-26 18:07:00
514,Wanda,Eaton,Female,2012-04-14,0,2,2025-07-26 18:07:00,2025-07-26 18:07:00
515,Adrian,Parsons,Male,2013-06-21,1,2,2025-07-26 18:07:00,2025-07-26 18:07:00
516,Gale,Logan,Male,2013-02-13,1,2,2025-07-26 18:07:00,2025-07-26 18:07:00
517,Karina,Baker,Female,2013-12-08,1,2,2025-07-26 18:07:00,2025-07-26 18:07:00
518,Roscoe,Martinez,Male,2012-05-07,0,2,2025-07-26 18:07:00,2025-07-26 18:07:00
519,Rene,Parrish,Female,2012-06-02,0,2,2025-07-26 18:07:00,2025-07-26 18:07:00
520,Carey,Cortez,Female,2013-02-13,1,2,2025-07-26 18:07:00,2025-07-26 18:07:00
521,Lavern,Bradshaw,Male,2012-11-20,0,2,2025-07-26 18:07:00,2025-07-26 18:07:00
522,Eduardo,Jensen,Male,2012-01-10,0,2,2025-07-26 18:07:00,2025-07-26 18:07:00
523,Robby,Price,Male,2012-06-16,0,2,2025-07-26 18:07:00,2025-07-26 18:07:00
524,Clarice,Bishop,Female,2012-04-06,0,2,2025-07-26 18:07:00,2025-07-26 18:07:00
525,Lauren,Reyes,Female,2012-07-05,0,2,2025-07-26 18:07:00,2025-07-26 18:07:00
526,Lillie,Hernandez,Female,2013-06-15,1,2,2025-07-26 18:07:00,2025-07-26 18:07:00
527,Yvonne,Walton,Female,2013-05-23,1,2,2025-07-26 18:07:00,2025-07-26 18:07:00
528,Eugene,Mcintyre,Male,2012-01-12,0,2,2025-07-26 18:07:00,2025-07-26 18:07:00
529,Darren,Orr,Male,2012-04-06,0,2,2025-07-26 18:07:00,2025-07-26 18:07:00
530,Lou,Chen,Female,2012-02-24,0,2,2025-07-26 18:07:00,2025-07-26 18:07:00
531,Ali,Cherry,Male,2013-05-12,1,2,2025-07-26 18:07:00,2025-07-26 18:07:00
532,Antonio,Bean,Male,2013-09-10,1,2,2025-07-26 18:07:00,2025-07-26 18:07:00
533,Nickolas,Hansen,Male,2013-03-11,1,2,2025-07-26 18:07:00,2025-07-26 18:07:00
534,Katie,Carson,Female,2012-03-02,0,2,2025-07-26 18:07:00,2025-07-26 18:07:00
535,Craig,Mack,Male,2012-06-18,0,2,2025-07-26 18:07:00,2025-07-26 18:07:00
536,Carissa,Booth,Female,2012-08-19,0,2,2025-07-26 18:07:00,2025-07-26 18:07:00
537,Pauline,Holder,Female,2013-08-03,1,2,2025-07-26 18:07:00,2025-07-26 18:07:00
538,Iva,Gamble,Female,2012-04-25,0,2,2025-07-26 18:07:00,2025-07-26 18:07:00
539,Millie,Dawson,Female,2012-09-19,0,2,2025-07-26 18:07:00,2025-07-26 18:07:00
540,Maynard,Wheeler,Male,2013-01-16,1,2,2025-07-26 18:07:00,2025-07-26 18:07:00
541,Aurora,Pickett,Female,2013-03-15,1,2,2025-07-26 18:07:00,2025-07-26 18:07:00
542,Robin,Greene,Female,2013-01-20,1,2,2025-07-26 18:07:00,2025-07-26 18:07:00
543,Earnest,Moore,Male,2013-02-04,1,2,2025-07-26 18:07:00,2025-07-26 18:07:00
544,Gracie,Barber,Female,2013-02-09,1,2,2025-07-26 18:07:00,2025-07-26 18:07:00
545,Josefina,Atkins,Female,2013-01-11,1,2,2025-07-26 18:07:00,2025-07-26 18:07:00
546,Ethan,Reeves,Male,2012-06-18,0,2,2025-07-26 18:07:00,2025-07-26 18:07:00
547,Sandy,Terry,Female,2012-06-21,0,2,2025-07-26 18:07:00,2025-07-26 18:07:00
548,Scottie,Benjamin,Male,2013-06-11,1,2,2025-07-26 18:07:00,2025-07-26 18:07:00
549,Bradford,Lynn,Male,2012-08-25,0,2,2025-07-26 18:07:00,2025-07-26 18:07:00
550,Ricky,Hoffman,Male,2012-08-04,0,2,2025-07-26 18:07:00,2025-07-26 18:07:00
551,Maurice,Padilla,Male,2012-11-13,0,2,2025-07-26 18:07:00,2025-07-26 18:07:00
552,Alfredo,Espinoza,Male,2013-05-19,1,2,2025-07-26 18:07:00,2025-07-26 18:07:00
553,Gilberto,Wooten,Male,2013-12-27,1,2,2025-07-26 18:07:00,2025-07-26 18:07:00
554,Roxie,Mcknight,Female,2012-07-20,0,2,2025-07-26 18:07:00,2025-07-26 18:07:00
555,Hollis,Mercado,Male,2012-02-03,0,2,2025-07-26 18:07:00,2025-07-26 18:07:00
556,Lee,Vance,Male,2013-08-26,1,2,2025-07-26 18:07:00,2025-07-26 18:07:00
557,Bob,Kline,Male,2013-04-17,1,2,2025-07-26 18:07:00,2025-07-26 18:07:00
558,Jeannine,Newman,Female,2012-10-11,0,2,2025-07-26 18:07:00,2025-07-26 18:07:00
559,Trevor,Rogers,Male,2013-08-07,1,2,2025-07-26 18:07:00,2025-07-26 18:07:00
560,Mollie,Byers,Female,2013-10-11,1,2,2025-07-26 18:07:00,2025-07-26 18:07:00
561,Duane,Melton,Male,2012-07-02,0,2,2025-07-26 18:07:00,2025-07-26 18:07:00
562,Candy,Bradford,Female,2012-10-07,0,2,2025-07-26 18:07:00,2025-07-26 18:07:00
563,Keith,Munoz,Male,2013-04-05,1,2,2025-07-26 18:07:00,2025-07-26 18:07:00
564,Isabella,Brown,Female,2013-01-11,1,2,2025-07-26 18:07:00,2025-07-26 18:07:00
565,Kris,Gentry,Male,2013-05-25,1,2,2025-07-26 18:07:00,2025-07-26 18:07:00
566,Ben,Williams,Male,2012-12-28,0,2,2025-07-26 18:07:00,2025-07-26 18:07:00
567,Darcy,Phelps,Female,2012-10-24,0,2,2025-07-26 18:07:00,2025-07-26 18:07:00
568,Brittney,Hardin,Female,2012-10-23,0,2,2025-07-26 18:07:00,2025-07-26 18:07:00
569,Rickie,Lane,Male,2012-06-10,0,2,2025-07-26 18:07:00,2025-07-26 18:07:00
570,Nelson,Richard,Male,2013-12-03,1,2,2025-07-26 18:07:00,2025-07-26 18:07:00
571,Marcos,Klein,Male,2013-05-15,1,2,2025-07-26 18:07:00,2025-07-26 18:07:00
572,Philip,Cote,Male,2012-12-23,0,2,2025-07-26 18:07:00,2025-07-26 18:07:00
573,Lillian,Rodgers,Female,2013-05-07,1,2,2025-07-26 18:07:00,2025-07-26 18:07:00
574,Consuelo,Dorsey,Female,2012-10-10,0,2,2025-07-26 18:07:00,2025-07-26 18:07:00
575,Julianne,Mccarty,Female,2012-12-12,0,2,2025-07-26 18:07:00,2025-07-26 18:07:00
576,Walter,Gilliam,Male,2012-02-05,0,2,2025-07-26 18:07:00,2025-07-26 18:07:00
577,Allison,Nguyen,Female,2012-08-12,0,2,2025-07-26 18:07:00,2025-07-26 18:07:00
578,Chrystal,Fuller,Female,2012-08-08,0,2,2025-07-26 18:07:00,2025-07-26 18:07:00
579,Noel,Serrano,Male,2013-11-07,1,2,2025-07-26 18:07:00,2025-07-26 18:07:00
580,Casandra,Richardson,Female,2012-06-08,0,2,2025-07-26 18:07:00,2025-07-26 18:07:00
581,Cole,Mayer,Male,2013-07-13,0,3,2025-07-26 18:07:00,2025-07-26 18:07:00
582,Ervin,Sweeney,Male,2014-10-22,1,3,2025-07-26 18:07:00,2025-07-26 18:07:00
583,Elmo,Drake,Male,2013-11-24,0,3,2025-07-26 18:07:00,2025-07-26 18:07:00
584,Antoine,Vaughn,Male,2014-07-12,1,3,2025-07-26 18:07:00,2025-07-26 18:07:00
585,Magdalena,Mcgee,Female,2014-11-23,1,3,2025-07-26 18:07:00,2025-07-26 18:07:00
586,Sharlene,Burnett,Female,2013-06-28,0,3,2025-07-26 18:07:00,2025-07-26 18:07:00
587,Lazaro,Stevens,Male,2013-09-09,0,3,2025-07-26 18:07:00,2025-07-26 18:07:00
588,Gabriel,Merritt,Male,2013-03-16,0,3,2025-07-26 18:07:00,2025-07-26 18:07:00
589,Jody,Morrow,Female,2014-08-11,1,3,2025-07-26 18:07:00,2025-07-26 18:07:00
590,Lila,Rhodes,Female,2014-01-15,1,3,2025-07-26 18:07:00,2025-07-26 18:07:00
591,Monroe,Casey,Male,2013-01-13,0,3,2025-07-26 18:07:00,2025-07-26 18:07:00
592,Cory,Pittman,Male,2013-02-09,0,3,2025-07-26 18:07:00,2025-07-26 18:07:00
593,Salvatore,Lang,Male,2014-06-20,1,3,2025-07-26 18:07:00,2025-07-26 18:07:00
594,Carlo,Reilly,Male,2014-09-26,1,3,2025-07-26 18:07:00,2025-07-26 18:07:00
595,Richie,Calderon,Male,2013-10-01,0,3,2025-07-26 18:07:00,2025-07-26 18:07:00
596,Matt,Hatfield,Male,2014-03-05,1,3,2025-07-26 18:07:00,2025-07-26 18:07:00
597,Teddy,Torres,Male,2014-03-19,1,3,2025-07-26 18:07:00,2025-07-26 18:07:00
598,Alyce,Paul,Female,2013-04-17,0,3,2025-07-26 18:07:00,2025-07-26 18:07:00
599,Alvaro,Payne,Male,2014-05-14,1,3,2025-07-26 18:07:00,2025-07-26 18:07:00
600,Bertha,Lamb,Female,2014-07-12,1,3,2025-07-26 18:07:00,2025-07-26 18:07:00
601,Rufus,Decker,Male,2014-06-24,1,3,2025-07-26 18:07:00,2025-07-26 18:07:00
602,Jerry,Warner,Male,2014-09-01,1,3,2025-07-26 18:07:00,2025-07-26 18:07:00
603,Esteban,Winters,Male,2013-09-23,0,3,2025-07-26 18:07:00,2025-07-26 18:07:00
604,Lucinda,Kemp,Female,2013-03-20,0,3,2025-07-26 18:07:00,2025-07-26 18:07:00
605,Raquel,Lawrence,Female,2014-11-18,1,3,2025-07-26 18:07:00,2025-07-26 18:07:00
606,Carmen,Valdez,Female,2014-12-10,1,3,2025-07-26 18:07:00,2025-07-26 18:07:00
607,Roberta,Foreman,Female,2014-05-28,1,3,2025-07-26 18:07:00,2025-07-26 18:07:00
608,Lilia,Hebert,Female,2013-04-12,0,3,2025-07-26 18:07:00,2025-07-26 18:07:00
609,Barton,Whitfield,Male,2013-06-07,0,3,2025-07-26 18:07:00,2025-07-26 18:07:00
610,Cleo,Bell,Female,2013-10-11,0,3,2025-07-26 18:07:00,2025-07-26 18:07:00
611,Marcia,Evans,Female,2014-12-10,1,3,2025-07-26 18:07:00,2025-07-26 18:07:00
612,Claudia,Cleveland,Female,2014-05-05,1,3,2025-07-26 18:07:00,2025-07-26 18:07:00
613,Briana,Whitley,Female,2013-12-10,0,3,2025-07-26 18:07:00,2025-07-26 18:07:00
614,Sybil,Walker,Female,2013-12-23,0,3,2025-07-26 18:07:00,2025-07-26 18:07:00
615,Andy,Smith,Male,2013-10-18,0,3,2025-07-26 18:07:00,2025-07-26 18:07:00
616,Hester,Ballard,Female,2014-06-25,1,3,2025-07-26 18:07:00,2025-07-26 18:07:00
617,Delbert,Sutton,Male,2014-06-24,1,3,2025-07-26 18:07:00,2025-07-26 18:07:00
618,Annmarie,Mcpherson,Female,2013-07-01,0,3,2025-07-26 18:07:00,2025-07-26 18:07:00
619,Cassandra,Bowen,Female,2013-11-06,0,3,2025-07-26 18:07:00,2025-07-26 18:07:00
620,Sidney,Wood,Male,2014-02-18,1,3,2025-07-26 18:07:00,2025-07-26 18:07:00
621,Merle,Workman,Female,2014-07-13,1,3,2025-07-26 18:07:00,2025-07-26 18:07:00
622,Wilfredo,Sims,Male,2013-02-05,0,3,2025-07-26 18:07:00,2025-07-26 18:07:00
623,Adele,Howard,Female,2013-04-02,0,3,2025-07-26 18:07:00,2025-07-26 18:07:00
624,Eve,Bird,Female,2014-11-01,1,3,2025-07-26 18:07:00,2025-07-26 18:07:00
625,Don,Gray,Male,2013-08-02,0,3,2025-07-26 18:07:00,2025-07-26 18:07:00
626,Britney,Larson,Female,2014-06-05,1,3,2025-07-26 18:07:00,2025-07-26 18:07:00
627,Kristie,Mayo,Female,2013-02-16,0,3,2025-07-26 18:07:00,2025-07-26 18:07:00
628,Alexander,Fuentes,Male,2013-10-04,0,3,2025-07-26 18:07:00,2025-07-26 18:07:00
629,Marco,Cobb,Male,2014-02-03,1,3,2025-07-26 18:07:00,2025-07-26 18:07:00
630,Leroy,Case,Male,2013-04-20,0,3,2025-07-26 18:07:00,2025-07-26 18:07:00
631,Brandon,Castillo,Male,2013-03-05,0,3,2025-07-26 18:07:00,2025-07-26 18:07:00
632,Margery,Pitts,Female,2014-02-20,1,3,2025-07-26 18:07:00,2025-07-26 18:07:00
633,Randy,Edwards,Male,2014-09-11,1,3,2025-07-26 18:07:00,2025-07-26 18:07:00
634,Vickie,Finley,Female,2014-06-04,1,3,2025-07-26 18:07:00,2025-07-26 18:07:00
635,Carolina,Frye,Female,2014-03-24,1,3,2025-07-26 18:07:00,2025-07-26 18:07:00
636,Wilburn,Rios,Male,2014-09-22,1,3,2025-07-26 18:07:00,2025-07-26 18:07:00
637,Rick,Contreras,Male,2014-04-18,1,3,2025-07-26 18:07:00,2025-07-26 18:07:00
638,Georgette,Black,Female,2013-05-05,0,3,2025-07-26 18:07:00,2025-07-26 18:07:00
639,Emily,Stafford,Female,2013-03-03,0,3,2025-07-26 18:07:00,2025-07-26 18:07:00
640,Dalton,Atkinson,Male,2014-11-25,1,3,2025-07-26 18:07:00,2025-07-26 18:07:00
641,Louise,Gibson,Female,2013-05-07,0,3,2025-07-26 18:07:00,2025-07-26 18:07:00
642,Yolanda,Jennings,Female,2013-07-14,0,3,2025-07-26 18:07:00,2025-07-26 18:07:00
643,Imelda,Little,Female,2014-08-07,1,3,2025-07-26 18:07:00,2025-07-26 18:07:00
644,Laurel,Franklin,Female,2014-10-12,1,3,2025-07-26 18:07:00,2025-07-26 18:07:00
645,Karin,Weiss,Female,2013-12-18,0,3,2025-07-26 18:07:00,2025-07-26 18:07:00
646,Stevie,Compton,Male,2013-03-19,0,3,2025-07-26 18:07:00,2025-07-26 18:07:00
647,Emma,Bridges,Female,2014-04-09,1,3,2025-07-26 18:07:00,2025-07-26 18:07:00
648,Eugenia,Noel,Female,2013-02-13,0,3,2025-07-26 18:07:00,2025-07-26 18:07:00
649,Newton,Hayden,Male,2013-09-03,0,3,2025-07-26 18:07:00,2025-07-26 18:07:00
650,Jeremy,Walls,Male,2014-06-07,1,3,2025-07-26 18:07:00,2025-07-26 18:07:00
651,Dillon,Russell,Male,2014-08-24,1,3,2025-07-26 18:07:00,2025-07-26 18:07:00
652,Bryon,Kim,Male,2013-01-24,0,3,2025-07-26 18:07:00,2025-07-26 18:07:00
653,Jerome,Romero,Male,2013-01-21,0,3,2025-07-26 18:07:00,2025-07-26 18:07:00
654,Allie,Leon,Female,2013-09-05,0,3,2025-07-26 18:07:00,2025-07-26 18:07:00
655,Shanna,Hanson,Female,2014-01-06,1,3,2025-07-26 18:07:00,2025-07-26 18:07:00
656,Raphael,Moses,Male,2013-01-05,0,3,2025-07-26 18:07:00,2025-07-26 18:07:00
657,Susanna,Carey,Female,2013-10-26,0,3,2025-07-26 18:07:00,2025-07-26 18:07:00
658,Kareem,Patton,Male,2013-12-13,0,3,2025-07-26 18:07:00,2025-07-26 18:07:00
659,Anton,Rosales,Male,2013-12-01,0,3,2025-07-26 18:07:00,2025-07-26 18:07:00
660,Stephanie,Mcclain,Female,2013-02-07,0,3,2025-07-26 18:07:00,2025-07-26 18:07:00
661,Latasha,Gilmore,Female,2013-10-05,0,3,2025-07-26 18:07:00,2025-07-26 18:07:00
662,Isabel,Campbell,Female,2015-01-19,1,4,2025-07-26 18:07:00,2025-07-26 18:07:00
663,Robert,Levine,Male,2015-11-14,1,4,2025-07-26 18:07:00,2025-07-26 18:07:00
664,Deloris,Jefferson,Female,2015-10-15,1,4,2025-07-26 18:07:00,2025-07-26 18:07:00
665,Zachariah,Barnett,Male,2015-11-12,1,4,2025-07-26 18:07:00,2025-07-26 18:07:00
666,Carol,Pace,Male,2015-11-21,1,4,2025-07-26 18:07:00,2025-07-26 18:07:00
667,Kay,Herrera,Female,2015-07-15,1,4,2025-07-26 18:07:00,2025-07-26 18:07:00
668,Marlin,Castro,Male,2014-12-06,0,4,2025-07-26 18:07:00,2025-07-26 18:07:00
669,Elbert,Ashley,Male,2014-05-16,0,4,2025-07-26 18:07:00,2025-07-26 18:07:00
670,Daisy,Spencer,Female,2015-10-20,1,4,2025-07-26 18:07:00,2025-07-26 18:07:00
671,Vincent,Burns,Male,2014-12-27,0,4,2025-07-26 18:07:00,2025-07-26 18:07:00
672,Maynard,Fox,Male,2015-05-15,1,4,2025-07-26 18:07:00,2025-07-26 18:07:00
673,Frieda,Cash,Female,2015-04-18,1,4,2025-07-26 18:07:00,2025-07-26 18:07:00
674,Mable,Clements,Female,2015-11-11,1,4,2025-07-26 18:07:00,2025-07-26 18:07:00
675,Sally,Hammond,Female,2014-01-14,0,4,2025-07-26 18:07:00,2025-07-26 18:07:00
676,Pansy,Farley,Female,2015-04-05,1,4,2025-07-26 18:07:00,2025-07-26 18:07:00
677,Teddy,Pruitt,Male,2015-12-06,1,4,2025-07-26 18:07:00,2025-07-26 18:07:00
678,Millicent,Raymond,Female,2015-03-28,1,4,2025-07-26 18:07:00,2025-07-26 18:07:00
679,Elsie,Gill,Female,2015-10-17,1,4,2025-07-26 18:07:00,2025-07-26 18:07:00
680,Ethan,Garrett,Male,2015-06-14,1,4,2025-07-26 18:07:00,2025-07-26 18:07:00
681,Dominick,Gibbs,Male,2014-04-07,0,4,2025-07-26 18:07:00,2025-07-26 18:07:00
682,Alejandro,Wiggins,Male,2015-11-22,1,4,2025-07-26 18:07:00,2025-07-26 18:07:00
683,Jamel,Chandler,Male,2015-12-17,1,4,2025-07-26 18:07:00,2025-07-26 18:07:00
684,Nicholas,Hooper,Male,2015-01-22,1,4,2025-07-26 18:07:00,2025-07-26 18:07:00
685,Ruben,Ingram,Male,2015-11-22,1,4,2025-07-26 18:07:00,2025-07-26 18:07:00
686,Lara,Montgomery,Female,2014-01-22,0,4,2025-07-26 18:07:00,2025-07-26 18:07:00
687,Carey,Watts,Male,2015-07-04,1,4,2025-07-26 18:07:00,2025-07-26 18:07:00
688,Jordan,Buchanan,Male,2014-04-13,0,4,2025-07-26 18:07:00,2025-07-26 18:07:00
689,Shawn,Wilder,Female,2014-04-27,0,4,2025-07-26 18:07:00,2025-07-26 18:07:00
690,Chandra,Cox,Female,2014-08-09,0,4,2025-07-26 18:07:00,2025-07-26 18:07:00
691,Melody,Brewer,Female,2015-08-20,1,4,2025-07-26 18:07:00,2025-07-26 18:07:00
692,Addie,Oliver,Female,2015-01-13,1,4,2025-07-26 18:07:00,2025-07-26 18:07:00
693,Reyes,Schultz,Male,2014-03-28,0,4,2025-07-26 18:07:00,2025-07-26 18:07:00
694,Brigitte,Dixon,Female,2014-12-16,0,4,2025-07-26 18:07:00,2025-07-26 18:07:00
695,Annie,Beck,Female,2014-09-03,0,4,2025-07-26 18:07:00,2025-07-26 18:07:00
696,Julius,West,Male,2014-02-17,0,4,2025-07-26 18:07:00,2025-07-26 18:07:00
697,Ester,Forbes,Female,2015-11-11,1,4,2025-07-26 18:07:00,2025-07-26 18:07:00
698,Merle,Davidson,Female,2015-02-22,1,4,2025-07-26 18:07:00,2025-07-26 18:07:00
699,Mack,Jimenez,Male,2015-10-28,1,4,2025-07-26 18:07:00,2025-07-26 18:07:00
700,Callie,Montoya,Female,2014-02-03,0,4,2025-07-26 18:07:00,2025-07-26 18:07:00
701,Isiah,Mosley,Male,2015-07-07,1,4,2025-07-26 18:07:00,2025-07-26 18:07:00
702,Eugenia,Kirk,Female,2015-04-28,1,4,2025-07-26 18:07:00,2025-07-26 18:07:00
703,Eugenia,Harvey,Female,2015-09-05,1,4,2025-07-26 18:07:00,2025-07-26 18:07:00
704,Isidro,Dalton,Male,2014-08-12,0,4,2025-07-26 18:07:00,2025-07-26 18:07:00
705,Carole,Delaney,Female,2015-03-20,1,4,2025-07-26 18:07:00,2025-07-26 18:07:00
706,Bobbie,Cooley,Female,2014-05-02,0,4,2025-07-26 18:07:00,2025-07-26 18:07:00
707,Otis,Morris,Male,2015-07-02,1,4,2025-07-26 18:07:00,2025-07-26 18:07:00
708,Bernard,Haney,Male,2015-03-08,1,4,2025-07-26 18:07:00,2025-07-26 18:07:00
709,Lea,Simpson,Female,2014-10-05,0,4,2025-07-26 18:07:00,2025-07-26 18:07:00
710,Brad,Duke,Male,2015-05-21,1,4,2025-07-26 18:07:00,2025-07-26 18:07:00
711,Lorna,Rice,Female,2014-08-03,0,4,2025-07-26 18:07:00,2025-07-26 18:07:00
712,Phil,Guerra,Male,2015-12-26,1,4,2025-07-26 18:07:00,2025-07-26 18:07:00
713,Gladys,Harmon,Female,2014-12-14,0,4,2025-07-26 18:07:00,2025-07-26 18:07:00
714,Fay,York,Female,2015-09-26,1,4,2025-07-26 18:07:00,2025-07-26 18:07:00
715,Loren,Gardner,Male,2014-01-04,0,4,2025-07-26 18:07:00,2025-07-26 18:07:00
716,Curtis,Heath,Male,2014-08-06,0,4,2025-07-26 18:07:00,2025-07-26 18:07:00
717,Ashley,Duncan,Male,2014-08-19,0,4,2025-07-26 18:07:00,2025-07-26 18:07:00
718,Evan,Webb,Male,2015-02-04,1,4,2025-07-26 18:07:00,2025-07-26 18:07:00
719,Roscoe,James,Male,2015-08-02,1,4,2025-07-26 18:07:00,2025-07-26 18:07:00
720,Pat,Mejia,Male,2015-09-23,1,4,2025-07-26 18:07:00,2025-07-26 18:07:00
721,Pearlie,Mendoza,Female,2015-08-09,1,4,2025-07-26 18:07:00,2025-07-26 18:07:00
722,Lauren,Bennett,Female,2015-01-13,1,4,2025-07-26 18:07:00,2025-07-26 18:07:00
723,Dwayne,Schneider,Male,2014-08-05,0,4,2025-07-26 18:07:00,2025-07-26 18:07:00
724,Rocky,Tyler,Male,2014-06-16,0,4,2025-07-26 18:07:00,2025-07-26 18:07:00
725,Barbara,Hughes,Female,2014-03-07,0,4,2025-07-26 18:07:00,2025-07-26 18:07:00
726,Karyn,Bright,Female,2014-03-24,0,4,2025-07-26 18:07:00,2025-07-26 18:07:00
727,Maryellen,Gaines,Female,2015-10-05,1,4,2025-07-26 18:07:00,2025-07-26 18:07:00
728,Janna,Gay,Female,2015-04-28,1,4,2025-07-26 18:07:00,2025-07-26 18:07:00
729,Shawna,Lester,Female,2014-05-18,0,4,2025-07-26 18:07:00,2025-07-26 18:07:00
730,Leslie,Delgado,Male,2014-08-23,0,4,2025-07-26 18:07:00,2025-07-26 18:07:00
731,Darin,Weber,Male,2014-11-12,0,4,2025-07-26 18:07:00,2025-07-26 18:07:00
732,Gail,Boyle,Female,2014-02-22,0,4,2025-07-26 18:07:00,2025-07-26 18:07:00
733,Isaiah,Lopez,Male,2014-02-07,0,4,2025-07-26 18:07:00,2025-07-26 18:07:00
734,Randolph,Woodward,Male,2014-10-03,0,4,2025-07-26 18:07:00,2025-07-26 18:07:00
735,Fidel,Ramirez,Male,2014-08-14,0,4,2025-07-26 18:07:00,2025-07-26 18:07:00
736,Tammi,England,Female,2015-02-24,1,4,2025-07-26 18:07:00,2025-07-26 18:07:00
737,Nannie,Wright,Female,2015-07-02,1,4,2025-07-26 18:07:00,2025-07-26 18:07:00
738,Burton,Pierce,Male,2015-11-26,1,4,2025-07-26 18:07:00,2025-07-26 18:07:00
739,Sherrie,Gonzalez,Female,2015-01-23,1,4,2025-07-26 18:07:00,2025-07-26 18:07:00
740,Lara,Rich,Female,2015-09-18,1,4,2025-07-26 18:07:00,2025-07-26 18:07:00
741,Katharine,Galloway,Female,2015-11-06,1,4,2025-07-26 18:07:00,2025-07-26 18:07:00
742,Muriel,Hays,Female,2014-08-03,0,4,2025-07-26 18:07:00,2025-07-26 18:07:00
743,Reid,Bush,Male,2014-02-10,0,4,2025-07-26 18:07:00,2025-07-26 18:07:00
744,Jed,Mccray,Male,2014-07-01,0,4,2025-07-26 18:07:00,2025-07-26 18:07:00
745,Marvin,Franks,Male,2014-05-23,0,4,2025-07-26 18:07:00,2025-07-26 18:07:00
746,Ed,Clayton,Male,2014-04-20,0,4,2025-07-26 18:07:00,2025-07-26 18:07:00
747,Lilia,Hutchinson,Female,2014-07-18,0,4,2025-07-26 18:07:00,2025-07-26 18:07:00
748,Alphonse,William,Male,2015-09-09,1,4,2025-07-26 18:07:00,2025-07-26 18:07:00
749,Gabriel,Houston,Male,2014-07-04,0,4,2025-07-26 18:07:00,2025-07-26 18:07:00
750,Michele,Wells,Female,2014-01-07,0,4,2025-07-26 18:07:00,2025-07-26 18:07:00
751,Lupe,Burton,Male,2014-02-19,0,4,2025-07-26 18:07:00,2025-07-26 18:07:00
752,Lourdes,Kent,Female,2015-05-20,1,4,2025-07-26 18:07:00,2025-07-26 18:07:00
753,Angel,Rivas,Male,2014-05-21,0,4,2025-07-26 18:07:00,2025-07-26 18:07:00
754,Jermaine,Woods,Male,2015-12-07,1,4,2025-07-26 18:07:00,2025-07-26 18:07:00
755,Michael,Salas,Female,2014-10-10,0,4,2025-07-26 18:07:00,2025-07-26 18:07:00
756,Brittney,Hogan,Female,2014-03-21,0,4,2025-07-26 18:07:00,2025-07-26 18:07:00
757,Todd,Lewis,Male,2014-03-15,0,4,2025-07-26 18:07:00,2025-07-26 18:07:00
758,Lilia,Pate,Female,2015-05-08,1,4,2025-07-26 18:07:00,2025-07-26 18:07:00
759,Dee,Meadows,Female,2015-12-26,1,4,2025-07-26 18:07:00,2025-07-26 18:07:00
760,Brenton,Nicholson,Male,2015-05-28,0,5,2025-07-26 18:07:00,2025-07-26 18:07:00
761,Shane,Austin,Male,2016-04-18,1,5,2025-07-26 18:07:00,2025-07-26 18:07:00
762,Loren,Hodge,Male,2015-05-13,0,5,2025-07-26 18:07:00,2025-07-26 18:07:00
763,Millard,Wolfe,Male,2015-03-07,0,5,2025-07-26 18:07:00,2025-07-26 18:07:00
764,Claudio,Molina,Male,2015-04-07,0,5,2025-07-26 18:07:00,2025-07-26 18:07:00
765,Daniel,Petersen,Male,2016-09-12,1,5,2025-07-26 18:07:00,2025-07-26 18:07:00
766,Yolanda,Day,Female,2015-01-12,0,5,2025-07-26 18:07:00,2025-07-26 18:07:00
767,Demetrius,Bond,Male,2015-11-04,0,5,2025-07-26 18:07:00,2025-07-26 18:07:00
768,Andrea,George,Female,2015-04-13,0,5,2025-07-26 18:07:00,2025-07-26 18:07:00
769,Deloris,Stout,Female,2015-09-25,0,5,2025-07-26 18:07:00,2025-07-26 18:07:00
770,Myles,Russo,Male,2015-11-04,0,5,2025-07-26 18:07:00,2025-07-26 18:07:00
771,Charity,Reynolds,Female,2016-03-16,1,5,2025-07-26 18:07:00,2025-07-26 18:07:00
772,Hope,Mckenzie,Female,2015-10-27,0,5,2025-07-26 18:07:00,2025-07-26 18:07:00
773,Jenny,Huber,Female,2015-03-25,0,5,2025-07-26 18:07:00,2025-07-26 18:07:00
774,Jerri,Baldwin,Female,2015-12-07,0,5,2025-07-26 18:07:00,2025-07-26 18:07:00
775,Jamel,Jackson,Male,2015-04-10,0,5,2025-07-26 18:07:00,2025-07-26 18:07:00
776,Kurtis,Hines,Male,2015-07-12,0,5,2025-07-26 18:07:00,2025-07-26 18:07:00
777,Rae,Cotton,Female,2016-05-21,1,5,2025-07-26 18:07:00,2025-07-26 18:07:00
778,Melinda,Valentine,Female,2016-02-08,1,5,2025-07-26 18:07:00,2025-07-26 18:07:00
779,Leticia,Owens,Female,2016-01-04,1,5,2025-07-26 18:07:00,2025-07-26 18:07:00
780,Polly,Santiago,Female,2015-02-04,0,5,2025-07-26 18:07:00,2025-07-26 18:07:00
781,Delbert,Cunningham,Male,2016-10-02,1,5,2025-07-26 18:07:00,2025-07-26 18:07:00
782,Everette,Mcleod,Male,2016-02-03,1,5,2025-07-26 18:07:00,2025-07-26 18:07:00
783,Luisa,Kaufman,Female,2015-04-24,0,5,2025-07-26 18:07:00,2025-07-26 18:07:00
784,Leticia,Wilkinson,Female,2016-11-21,1,5,2025-07-26 18:07:00,2025-07-26 18:07:00
785,Dollie,Foster,Female,2015-11-17,0,5,2025-07-26 18:07:00,2025-07-26 18:07:00
786,Maryann,Lloyd,Female,2016-07-17,1,5,2025-07-26 18:07:00,2025-07-26 18:07:00
787,Jules,Garrison,Male,2016-08-08,1,5,2025-07-26 18:07:00,2025-07-26 18:07:00
788,Charley,Randolph,Male,2016-06-22,1,5,2025-07-26 18:07:00,2025-07-26 18:07:00
789,Carlton,Davis,Male,2017-05-22,1,6,2025-07-26 18:07:00,2025-07-26 18:07:00
790,Meagan,Glenn,Female,2016-02-20,0,6,2025-07-26 18:07:00,2025-07-26 18:07:00
791,Catherine,Keith,Female,2017-01-04,1,6,2025-07-26 18:07:00,2025-07-26 18:07:00
792,Rachelle,Kirby,Female,2016-04-07,0,6,2025-07-26 18:07:00,2025-07-26 18:07:00
793,Charley,Santos,Male,2016-09-12,0,6,2025-07-26 18:07:00,2025-07-26 18:07:00
794,Elvira,Crosby,Female,2016-09-10,0,6,2025-07-26 18:07:00,2025-07-26 18:07:00
795,Mavis,Crane,Female,2016-01-04,0,6,2025-07-26 18:07:00,2025-07-26 18:07:00
796,Patricia,Ramos,Female,2016-12-25,0,6,2025-07-26 18:07:00,2025-07-26 18:07:00
797,Ernie,Roach,Male,2017-04-07,1,6,2025-07-26 18:07:00,2025-07-26 18:07:00
798,Charity,Rose,Female,2017-03-17,1,6,2025-07-26 18:07:00,2025-07-26 18:07:00
799,Eduardo,Mills,Male,2017-09-24,1,6,2025-07-26 18:07:00,2025-07-26 18:07:00
800,Kristin,Shelton,Female,2016-12-21,0,6,2025-07-26 18:07:00,2025-07-26 18:07:00
801,Louisa,Mcdaniel,Female,2016-02-14,0,6,2025-07-26 18:07:00,2025-07-26 18:07:00
802,Emory,Elliott,Male,2017-05-21,1,6,2025-07-26 18:07:00,2025-07-26 18:07:00
803,Diego,Goodman,Male,2016-03-23,0,6,2025-07-26 18:07:00,2025-07-26 18:07:00
804,Morgan,Cohen,Female,2017-08-25,1,6,2025-07-26 18:07:00,2025-07-26 18:07:00
805,Bryon,Mclaughlin,Male,2017-10-15,1,6,2025-07-26 18:07:00,2025-07-26 18:07:00
806,Bruce,Harper,Male,2016-05-15,0,6,2025-07-26 18:07:00,2025-07-26 18:07:00
807,Jeff,Tate,Male,2016-08-27,0,6,2025-07-26 18:07:00,2025-07-26 18:07:00
808,Rodrigo,Boyer,Male,2016-02-03,0,6,2025-07-26 18:07:00,2025-07-26 18:07:00
809,Patrice,Hewitt,Female,2017-08-14,1,6,2025-07-26 18:07:00,2025-07-26 18:07:00
810,Luther,Blake,Male,2017-12-27,1,6,2025-07-26 18:07:00,2025-07-26 18:07:00
811,Justin,Burris,Male,2017-02-13,1,6,2025-07-26 18:07:00,2025-07-26 18:07:00
812,Foster,Bender,Male,2017-08-25,1,6,2025-07-26 18:07:00,2025-07-26 18:07:00
813,Carlos,Henson,Male,2016-08-08,0,6,2025-07-26 18:07:00,2025-07-26 18:07:00
814,Lawanda,Baxter,Female,2016-01-27,0,6,2025-07-26 18:07:00,2025-07-26 18:07:00
815,Debra,Rowland,Female,2016-01-07,0,6,2025-07-26 18:07:00,2025-07-26 18:07:00
816,Melinda,Mason,Female,2016-08-18,0,6,2025-07-26 18:07:00,2025-07-26 18:07:00
817,Tamara,Pena,Female,2016-11-14,0,6,2025-07-26 18:07:00,2025-07-26 18:07:00
818,Sebastian,Conley,Male,2017-04-10,1,6,2025-07-26 18:07:00,2025-07-26 18:07:00
819,Becky,Guy,Female,2017-12-20,1,6,2025-07-26 18:07:00,2025-07-26 18:07:00
820,Antonia,Savage,Female,2017-04-18,1,6,2025-07-26 18:07:00,2025-07-26 18:07:00
821,Gloria,Burch,Female,2017-05-23,1,6,2025-07-26 18:07:00,2025-07-26 18:07:00
822,Dominique,Lambert,Male,2017-08-02,1,6,2025-07-26 18:07:00,2025-07-26 18:07:00
823,Hung,Hobbs,Male,2016-03-21,0,6,2025-07-26 18:07:00,2025-07-26 18:07:00
824,Robyn,Maynard,Female,2017-10-14,1,6,2025-07-26 18:07:00,2025-07-26 18:07:00
825,Hannah,Flores,Female,2017-08-14,1,6,2025-07-26 18:07:00,2025-07-26 18:07:00
826,Lucile,Sheppard,Female,2017-03-12,1,6,2025-07-26 18:07:00,2025-07-26 18:07:00
827,Alicia,Tyson,Female,2017-12-27,1,6,2025-07-26 18:07:00,2025-07-26 18:07:00
828,Whitney,Dickson,Female,2016-08-05,0,6,2025-07-26 18:07:00,2025-07-26 18:07:00
829,Corinne,Mcclure,Female,2017-11-24,1,6,2025-07-26 18:07:00,2025-07-26 18:07:00
830,Santiago,Scott,Male,2016-05-22,0,6,2025-07-26 18:07:00,2025-07-26 18:07:00
831,Elmer,Fleming,Male,2016-08-16,0,6,2025-07-26 18:07:00,2025-07-26 18:07:00
832,Chester,Bailey,Male,2016-08-09,0,6,2025-07-26 18:07:00,2025-07-26 18:07:00
833,Cliff,Wiley,Male,2016-11-15,0,6,2025-07-26 18:07:00,2025-07-26 18:07:00
834,Rosemary,Page,Female,2017-07-15,1,6,2025-07-26 18:07:00,2025-07-26 18:07:00
835,Rod,Kirkland,Male,2016-12-11,0,6,2025-07-26 18:07:00,2025-07-26 18:07:00
836,Rosario,Nixon,Female,2017-01-05,1,6,2025-07-26 18:07:00,2025-07-26 18:07:00
837,Moses,Ruiz,Male,2016-08-22,0,6,2025-07-26 18:07:00,2025-07-26 18:07:00
838,Blair,Vargas,Male,2016-02-27,0,6,2025-07-26 18:07:00,2025-07-26 18:07:00
839,Shaun,Alvarado,Male,2017-05-22,1,6,2025-07-26 18:07:00,2025-07-26 18:07:00
840,Jefferson,Harrell,Male,2017-06-14,1,6,2025-07-26 18:07:00,2025-07-26 18:07:00
841,Paulette,Riley,Female,2017-10-10,1,6,2025-07-26 18:07:00,2025-07-26 18:07:00
842,Melinda,Perry,Female,2016-06-28,0,6,2025-07-26 18:07:00,2025-07-26 18:07:00
843,Norberto,Chavez,Male,2017-11-04,1,6,2025-07-26 18:07:00,2025-07-26 18:07:00
844,Julia,Zimmerman,Female,2017-06-28,1,6,2025-07-26 18:07:00,2025-07-26 18:07:00
845,Judson,Campos,Male,2017-04-27,1,6,2025-07-26 18:07:00,2025-07-26 18:07:00
846,Neva,Wolf,Female,2017-10-12,1,6,2025-07-26 18:07:00,2025-07-26 18:07:00
847,Micheal,Stein,Male,2017-09-06,1,6,2025-07-26 18:07:00,2025-07-26 18:07:00
848,Delores,Pope,Female,2016-04-14,0,6,2025-07-26 18:07:00,2025-07-26 18:07:00
849,Dion,Dale,Male,2016-09-07,0,6,2025-07-26 18:07:00,2025-07-26 18:07:00
850,Graciela,Henderson,Female,2016-07-21,0,6,2025-07-26 18:07:00,2025-07-26 18:07:00
851,Annette,Moreno,Female,2016-02-14,0,6,2025-07-26 18:07:00,2025-07-26 18:07:00
852,Vicky,Rowe,Female,2017-04-18,1,6,2025-07-26 18:07:00,2025-07-26 18:07:00
853,Luke,Michael,Male,2017-02-27,1,6,2025-07-26 18:07:00,2025-07-26 18:07:00
854,Vicente,Horne,Male,2017-07-12,1,6,2025-07-26 18:07:00,2025-07-26 18:07:00
855,Christopher,Knowles,Male,2016-04-14,0,6,2025-07-26 18:07:00,2025-07-26 18:07:00
856,Lila,Ochoa,Female,2017-08-11,1,6,2025-07-26 18:07:00,2025-07-26 18:07:00
857,Janelle,Mullen,Female,2017-10-08,1,6,2025-07-26 18:07:00,2025-07-26 18:07:00
858,Lavonne,Rosario,Female,2017-02-25,1,6,2025-07-26 18:07:00,2025-07-26 18:07:00
859,Tristan,Morton,Male,2016-05-25,0,6,2025-07-26 18:07:00,2025-07-26 18:07:00
860,Meagan,Allison,Female,2017-12-07,1,6,2025-07-26 18:07:00,2025-07-26 18:07:00
861,Toni,Jacobson,Female,2017-01-04,1,6,2025-07-26 18:07:00,2025-07-26 18:07:00
862,Katherine,Mcmahon,Female,2017-11-26,1,6,2025-07-26 18:07:00,2025-07-26 18:07:00
863,Samuel,Palmer,Male,2017-08-15,1,6,2025-07-26 18:07:00,2025-07-26 18:07:00
864,Shanna,Waters,Female,2017-12-22,1,6,2025-07-26 18:07:00,2025-07-26 18:07:00
865,Tamara,Swanson,Female,2017-11-19,1,6,2025-07-26 18:07:00,2025-07-26 18:07:00
866,Rod,Moss,Male,2017-05-17,1,6,2025-07-26 18:07:00,2025-07-26 18:07:00
867,Lloyd,Dunlap,Male,2016-03-07,0,6,2025-07-26 18:07:00,2025-07-26 18:07:00
868,Terrence,Sherman,Male,2017-07-05,1,6,2025-07-26 18:07:00,2025-07-26 18:07:00
869,Juana,Greer,Female,2016-09-09,0,6,2025-07-26 18:07:00,2025-07-26 18:07:00
870,Cedric,Vang,Male,2017-07-21,1,6,2025-07-26 18:07:00,2025-07-26 18:07:00
871,Opal,Hopper,Female,2017-03-03,1,6,2025-07-26 18:07:00,2025-07-26 18:07:00
872,Brett,Combs,Male,2017-06-21,1,6,2025-07-26 18:07:00,2025-07-26 18:07:00
873,Joseph,Powell,Male,2016-03-11,0,6,2025-07-26 18:07:00,2025-07-26 18:07:00
874,Jamal,Dudley,Male,2017-08-15,1,6,2025-07-26 18:07:00,2025-07-26 18:07:00
875,Sandra,Johns,Female,2017-03-01,1,6,2025-07-26 18:07:00,2025-07-26 18:07:00
876,Beatriz,Hardy,Female,2016-04-06,0,6,2025-07-26 18:07:00,2025-07-26 18:07:00
877,Tracie,Summers,Female,2016-12-12,0,6,2025-07-26 18:07:00,2025-07-26 18:07:00
878,Ilene,Riggs,Female,2016-02-16,0,6,2025-07-26 18:07:00,2025-07-26 18:07:00
879,Eldon,Hensley,Male,2016-04-14,0,6,2025-07-26 18:07:00,2025-07-26 18:07:00
880,Aileen,Roberson,Female,2016-01-19,0,6,2025-07-26 18:07:00,2025-07-26 18:07:00
881,Shannon,Lancaster,Male,2016-03-01,0,6,2025-07-26 18:07:00,2025-07-26 18:07:00
882,Gretchen,Brady,Female,2017-12-23,1,6,2025-07-26 18:07:00,2025-07-26 18:07:00
883,Shelley,Levy,Female,2017-04-16,1,6,2025-07-26 18:07:00,2025-07-26 18:07:00
884,Bryan,Powers,Male,2017-05-02,1,6,2025-07-26 18:07:00,2025-07-26 18:07:00
885,Dexter,Curtis,Male,2016-11-13,0,6,2025-07-26 18:07:00,2025-07-26 18:07:00
886,Lanny,Nolan,Male,2016-11-08,0,6,2025-07-26 18:07:00,2025-07-26 18:07:00
887,Fredric,Mooney,Male,2017-11-20,1,6,2025-07-26 18:07:00,2025-07-26 18:07:00
888,Jewell,Barry,Female,2017-06-25,1,6,2025-07-26 18:07:00,2025-07-26 18:07:00
889,Kendra,Howell,Female,2017-11-17,1,6,2025-07-26 18:07:00,2025-07-26 18:07:00
890,Jean,Everett,Male,2016-09-12,0,6,2025-07-26 18:07:00,2025-07-26 18:07:00
891,Juan,Stephens,Male,2017-05-01,1,6,2025-07-26 18:07:00,2025-07-26 18:07:00
892,Tristan,Singleton,Male,2017-11-15,1,6,2025-07-26 18:07:00,2025-07-26 18:07:00
893,Haley,Schwartz,Female,2017-03-21,1,6,2025-07-26 18:07:00,2025-07-26 18:07:00
894,Deanne,Clay,Female,2016-05-20,0,6,2025-07-26 18:07:00,2025-07-26 18:07:00
895,Earle,Owen,Male,2016-01-03,0,6,2025-07-26 18:07:00,2025-07-26 18:07:00
896,Theodore,Hubbard,Male,2016-01-14,0,6,2025-07-26 18:07:00,2025-07-26 18:07:00
897,Horacio,Massey,Male,2017-09-01,1,6,2025-07-26 18:07:00,2025-07-26 18:07:00
898,Sallie,Vinson,Female,2016-05-26,0,6,2025-07-26 18:07:00,2025-07-26 18:07:00
899,Hershel,Hurley,Male,2017-06-23,1,6,2025-07-26 18:07:00,2025-07-26 18:07:00
900,Wanda,Bradley,Female,2016-07-24,0,6,2025-07-26 18:07:00,2025-07-26 18:07:00
901,Garth,Hunt,Male,2017-10-13,1,6,2025-07-26 18:07:00,2025-07-26 18:07:00
902,Pam,Avila,Female,2016-07-23,0,6,2025-07-26 18:07:00,2025-07-26 18:07:00
903,Trinidad,Fulton,Male,2017-12-19,1,6,2025-07-26 18:07:00,2025-07-26 18:07:00
904,Sherry,Oconnor,Female,2017-05-20,1,6,2025-07-26 18:07:00,2025-07-26 18:07:00
905,Lidia,Pennington,Female,2016-11-05,0,6,2025-07-26 18:07:00,2025-07-26 18:07:00
906,Hubert,Williamson,Male,2016-12-11,0,6,2025-07-26 18:07:00,2025-07-26 18:07:00
907,Nikki,Cabrera,Female,2016-11-03,0,6,2025-07-26 18:07:00,2025-07-26 18:07:00
908,Emmett,Christensen,Male,2017-03-02,1,6,2025-07-26 18:07:00,2025-07-26 18:07:00
909,Delores,Booker,Female,2016-09-15,0,6,2025-07-26 18:07:00,2025-07-26 18:07:00
910,Gregorio,Allen,Male,2016-10-28,0,6,2025-07-26 18:07:00,2025-07-26 18:07:00
911,Antony,Medina,Male,2017-10-23,1,6,2025-07-26 18:07:00,2025-07-26 18:07:00
912,Enrique,Goodwin,Male,2017-12-19,1,6,2025-07-26 18:07:00,2025-07-26 18:07:00
913,Ivan,Frost,Male,2016-11-19,0,6,2025-07-26 18:07:00,2025-07-26 18:07:00
914,Katrina,Bowman,Female,2016-08-04,0,6,2025-07-26 18:07:00,2025-07-26 18:07:00
915,Magdalena,Pearson,Female,2016-06-16,0,6,2025-07-26 18:07:00,2025-07-26 18:07:00
916,Andrea,Herring,Male,2017-09-28,1,6,2025-07-26 18:07:00,2025-07-26 18:07:00
917,Meredith,Moran,Female,2016-02-22,0,6,2025-07-26 18:07:00,2025-07-26 18:07:00
918,Guy,Gomez,Male,2016-04-22,0,6,2025-07-26 18:07:00,2025-07-26 18:07:00
919,Lee,Holman,Female,2016-01-21,0,6,2025-07-26 18:07:00,2025-07-26 18:07:00
920,Buford,Hunter,Male,2016-04-20,0,6,2025-07-26 18:07:00,2025-07-26 18:07:00
921,Christopher,Hale,Male,2017-10-17,1,6,2025-07-26 18:07:00,2025-07-26 18:07:00
922,Ollie,Fitzgerald,Female,2017-03-20,1,6,2025-07-26 18:07:00,2025-07-26 18:07:00
923,Weston,Rivera,Male,2017-04-26,1,6,2025-07-26 18:07:00,2025-07-26 18:07:00
924,Lucy,Branch,Female,2016-06-20,0,6,2025-07-26 18:07:00,2025-07-26 18:07:00
925,Roberta,Perkins,Female,2016-02-23,0,6,2025-07-26 18:07:00,2025-07-26 18:07:00
926,Gavin,Sweet,Male,2017-01-05,0,7,2025-07-26 18:07:00,2025-07-26 18:07:00
927,Ruth,Sampson,Female,2018-12-11,1,7,2025-07-26 18:07:00,2025-07-26 18:07:00
928,Lela,Buckley,Female,2018-11-09,1,7,2025-07-26 18:07:00,2025-07-26 18:07:00
929,Emerson,Foley,Male,2018-05-06,1,7,2025-07-26 18:07:00,2025-07-26 18:07:00
930,Imelda,Stanley,Female,2018-01-28,1,7,2025-07-26 18:07:00,2025-07-26 18:07:00
931,Brady,Marshall,Male,2018-10-14,1,7,2025-07-26 18:07:00,2025-07-26 18:07:00
932,Angelique,Soto,Female,2018-02-17,1,7,2025-07-26 18:07:00,2025-07-26 18:07:00
933,Ines,Weeks,Female,2018-09-18,1,7,2025-07-26 18:07:00,2025-07-26 18:07:00
934,Duncan,Floyd,Male,2018-08-10,1,7,2025-07-26 18:07:00,2025-07-26 18:07:00
935,Morgan,Hahn,Male,2017-02-18,0,7,2025-07-26 18:07:00,2025-07-26 18:07:00
936,Lawanda,Conner,Female,2017-07-19,0,7,2025-07-26 18:07:00,2025-07-26 18:07:00
937,Josefina,Ball,Female,2018-10-10,1,7,2025-07-26 18:07:00,2025-07-26 18:07:00
938,Twila,Wilkerson,Female,2018-07-28,1,7,2025-07-26 18:07:00,2025-07-26 18:07:00
939,Trinidad,Marks,Male,2017-07-26,0,7,2025-07-26 18:07:00,2025-07-26 18:07:00
940,Luciano,Butler,Male,2018-03-19,1,7,2025-07-26 18:07:00,2025-07-26 18:07:00
941,Mamie,Blevins,Female,2018-01-20,1,7,2025-07-26 18:07:00,2025-07-26 18:07:00
942,Alden,Mcfadden,Male,2018-01-17,1,7,2025-07-26 18:07:00,2025-07-26 18:07:00
943,Johnny,Holloway,Male,2017-10-27,0,7,2025-07-26 18:07:00,2025-07-26 18:07:00
944,Ola,Boone,Female,2018-02-22,1,7,2025-07-26 18:07:00,2025-07-26 18:07:00
945,Alissa,Caldwell,Female,2018-04-21,1,7,2025-07-26 18:07:00,2025-07-26 18:07:00
946,Cecelia,Marquez,Female,2018-06-09,1,7,2025-07-26 18:07:00,2025-07-26 18:07:00
947,Noelle,Bray,Female,2018-09-18,1,7,2025-07-26 18:07:00,2025-07-26 18:07:00
948,Lonnie,Hendricks,Male,2018-07-16,1,7,2025-07-26 18:07:00,2025-07-26 18:07:00
949,Tisha,Diaz,Female,2017-09-05,0,7,2025-07-26 18:07:00,2025-07-26 18:07:00
950,Terence,Maldonado,Male,2017-01-04,0,7,2025-07-26 18:07:00,2025-07-26 18:07:00
951,Fern,Gregory,Female,2018-03-06,1,7,2025-07-26 18:07:00,2025-07-26 18:07:00
952,Hallie,Kane,Female,2018-06-19,1,7,2025-07-26 18:07:00,2025-07-26 18:07:00
953,Melinda,English,Female,2017-11-17,0,7,2025-07-26 18:07:00,2025-07-26 18:07:00
954,Kathie,Tillman,Female,2017-08-06,0,7,2025-07-26 18:07:00,2025-07-26 18:07:00
955,Gus,Ortega,Male,2018-06-19,1,7,2025-07-26 18:07:00,2025-07-26 18:07:00
956,Brittney,Bentley,Female,2018-10-09,1,7,2025-07-26 18:07:00,2025-07-26 18:07:00
957,Joshua,Best,Male,2018-03-04,1,7,2025-07-26 18:07:00,2025-07-26 18:07:00
958,Terrell,Sanford,Male,2017-01-28,0,7,2025-07-26 18:07:00,2025-07-26 18:07:00
959,Erich,Sears,Male,2017-09-05,0,7,2025-07-26 18:07:00,2025-07-26 18:07:00
960,Fern,Deleon,Female,2017-01-21,0,7,2025-07-26 18:07:00,2025-07-26 18:07:00
961,Trent,Blankenship,Male,2018-09-10,1,7,2025-07-26 18:07:00,2025-07-26 18:07:00
962,Dale,Prince,Female,2017-10-19,0,7,2025-07-26 18:07:00,2025-07-26 18:07:00
963,Lucia,Mccall,Female,2018-11-13,1,7,2025-07-26 18:07:00,2025-07-26 18:07:00
964,Ernie,Mckinney,Male,2017-12-03,0,7,2025-07-26 18:07:00,2025-07-26 18:07:00
965,Nannie,Beach,Female,2018-10-14,1,7,2025-07-26 18:07:00,2025-07-26 18:07:00
966,Orval,Willis,Male,2018-04-09,1,7,2025-07-26 18:07:00,2025-07-26 18:07:00
967,Maude,Donaldson,Female,2017-02-18,0,7,2025-07-26 18:07:00,2025-07-26 18:07:00
968,Raymond,Becker,Male,2018-11-23,1,7,2025-07-26 18:07:00,2025-07-26 18:07:00
969,Aurelio,Long,Male,2018-04-27,1,7,2025-07-26 18:07:00,2025-07-26 18:07:00
970,Rolando,Nieves,Male,2017-09-16,0,7,2025-07-26 18:07:00,2025-07-26 18:07:00
971,Marcia,Joseph,Female,2018-01-07,1,7,2025-07-26 18:07:00,2025-07-26 18:07:00
972,Al,Rollins,Male,2017-07-12,0,7,2025-07-26 18:07:00,2025-07-26 18:07:00
973,Mandy,Phillips,Female,2017-05-18,0,7,2025-07-26 18:07:00,2025-07-26 18:07:00
974,Wendy,Doyle,Female,2017-09-23,0,7,2025-07-26 18:07:00,2025-07-26 18:07:00
975,Sidney,Parker,Male,2017-06-19,0,7,2025-07-26 18:07:00,2025-07-26 18:07:00
976,Pierre,Mcguire,Male,2017-05-28,0,7,2025-07-26 18:07:00,2025-07-26 18:07:00
977,Mariano,Ferrell,Male,2017-10-01,0,7,2025-07-26 18:07:00,2025-07-26 18:07:00
978,Jamal,Garza,Male,2018-12-08,1,7,2025-07-26 18:07:00,2025-07-26 18:07:00
979,Vivian,Estes,Female,2017-03-25,0,7,2025-07-26 18:07:00,2025-07-26 18:07:00
980,Kristen,Landry,Female,2017-07-18,0,7,2025-07-26 18:07:00,2025-07-26 18:07:00
981,Ashlee,Jarvis,Female,2017-03-01,0,7,2025-07-26 18:07:00,2025-07-26 18:07:00
982,Audra,Aguirre,Female,2017-11-19,0,7,2025-07-26 18:07:00,2025-07-26 18:07:00
983,Noelle,Irwin,Female,2018-05-22,1,7,2025-07-26 18:07:00,2025-07-26 18:07:00
984,Kayla,Miles,Female,2018-06-20,1,7,2025-07-26 18:07:00,2025-07-26 18:07:00
985,Alvaro,Meyer,Male,2017-04-27,0,7,2025-07-26 18:07:00,2025-07-26 18:07:00
986,Tamara,Strong,Female,2018-10-09,1,7,2025-07-26 18:07:00,2025-07-26 18:07:00
987,Lea,Bolton,Female,2018-02-12,1,7,2025-07-26 18:07:00,2025-07-26 18:07:00
988,Roxanne,Dennis,Female,2017-04-27,0,7,2025-07-26 18:07:00,2025-07-26 18:07:00
989,Julia,Durham,Female,2017-12-20,0,7,2025-07-26 18:07:00,2025-07-26 18:07:00
990,Sarah,Browning,Female,2018-12-02,1,7,2025-07-26 18:07:00,2025-07-26 18:07:00
991,Lincoln,Kennedy,Male,2017-05-16,0,7,2025-07-26 18:07:00,2025-07-26 18:07:00
992,Jerrold,Walsh,Male,2018-11-18,1,7,2025-07-26 18:07:00,2025-07-26 18:07:00
993,Gale,Shepard,Male,2017-12-10,0,7,2025-07-26 18:07:00,2025-07-26 18:07:00
994,Ray,Ayers,Male,2017-02-26,0,7,2025-07-26 18:07:00,2025-07-26 18:07:00
995,Octavio,Watkins,Male,2018-09-25,1,7,2025-07-26 18:07:00,2025-07-26 18:07:00
996,Hugh,Mueller,Male,2017-01-13,0,7,2025-07-26 18:07:00,2025-07-26 18:07:00
997,Leticia,Faulkner,Female,2017-04-18,0,7,2025-07-26 18:07:00,2025-07-26 18:07:00
998,Jeremiah,Townsend,Male,2018-08-06,1,7,2025-07-26 18:07:00,2025-07-26 18:07:00
999,Leigh,Rutledge,Female,2018-06-17,1,7,2025-07-26 18:07:00,2025-07-26 18:07:00
1000,Reyna,Wade,Female,2018-02-05,1,7,2025-07-26 18:07:00,2025-07-26 18:07:00
1001,Carla,Sosa,Female,2017-09-06,0,7,2025-07-26 18:07:00,2025-07-26 18:07:00
1002,Ethan,Oneil,Male,2018-03-24,1,7,2025-07-26 18:07:00,2025-07-26 18:07:00
1003,Liza,Cantrell,Female,2018-02-18,1,7,2025-07-26 18:07:00,2025-07-26 18:07:00
1004,Jordan,Berg,Female,2017-10-21,0,7,2025-07-26 18:07:00,2025-07-26 18:07:00
1005,Myron,Wall,Male,2017-09-03,0,7,2025-07-26 18:07:00,2025-07-26 18:07:00
1006,Rocky,Garcia,Male,2017-05-12,0,7,2025-07-26 18:07:00,2025-07-26 18:07:00
1007,Andy,Whitney,Male,2017-04-05,0,7,2025-07-26 18:07:00,2025-07-26 18:07:00
1008,Angelique,Barker,Female,2017-11-08,0,7,2025-07-26 18:07:00,2025-07-26 18:07:00
1009,Carson,Vazquez,Male,2017-01-11,0,7,2025-07-26 18:07:00,2025-07-26 18:07:00
1010,Reyes,Olson,Male,2018-06-18,1,7,2025-07-26 18:07:00,2025-07-26 18:07:00
1011,Josef,Petty,Male,2018-11-16,1,7,2025-07-26 18:07:00,2025-07-26 18:07:00
1012,Nickolas,Burke,Male,2018-07-13,1,7,2025-07-26 18:07:00,2025-07-26 18:07:00
1013,Corey,Jenkins,Male,2018-11-25,1,7,2025-07-26 18:07:00,2025-07-26 18:07:00
1014,Erica,Barlow,Female,2018-04-19,1,7,2025-07-26 18:07:00,2025-07-26 18:07:00
1015,Carissa,Mccarthy,Female,2017-09-03,0,7,2025-07-26 18:07:00,2025-07-26 18:07:00
1016,Sylvester,Quinn,Male,2018-09-09,1,7,2025-07-26 18:07:00,2025-07-26 18:07:00
1017,Cornelia,Bass,Female,2017-05-26,0,7,2025-07-26 18:07:00,2025-07-26 18:07:00
1018,Nicholas,Guzman,Male,2018-10-24,1,7,2025-07-26 18:07:00,2025-07-26 18:07:00
1019,Mohammad,Davenport,Male,2017-09-25,0,7,2025-07-26 18:07:00,2025-07-26 18:07:00
1020,Shawn,Vaughan,Male,2017-08-20,0,7,2025-07-26 18:07:00,2025-07-26 18:07:00
1021,Matt,Morin,Male,2019-07-22,1,8,2025-07-26 18:07:00,2025-07-26 18:07:00
1022,Kim,Coffey,Female,2019-01-23,1,8,2025-07-26 18:07:00,2025-07-26 18:07:00
1023,Dalton,Norman,Male,2019-02-22,1,8,2025-07-26 18:07:00,2025-07-26 18:07:00
1024,Cecelia,Ewing,Female,2019-02-17,1,8,2025-07-26 18:07:00,2025-07-26 18:07:00
1025,Madelyn,Marsh,Female,2019-09-23,1,8,2025-07-26 18:07:00,2025-07-26 18:07:00
1026,Booker,Sharp,Male,2019-10-22,1,8,2025-07-26 18:07:00,2025-07-26 18:07:00
1027,Rosa,Christian,Female,2018-07-28,0,8,2025-07-26 18:07:00,2025-07-26 18:07:00
1028,Mallory,Velazquez,Female,2019-10-02,1,8,2025-07-26 18:07:00,2025-07-26 18:07:00
1029,Carmelo,Mckay,Male,2019-08-06,1,8,2025-07-26 18:07:00,2025-07-26 18:07:00
1030,Silas,Abbott,Male,2018-04-26,0,8,2025-07-26 18:07:00,2025-07-26 18:07:00
1031,Sheldon,Ryan,Male,2018-04-13,0,8,2025-07-26 18:07:00,2025-07-26 18:07:00
1032,Todd,Mckee,Male,2019-10-11,1,8,2025-07-26 18:07:00,2025-07-26 18:07:00
1033,Louella,Juarez,Female,2018-10-08,0,8,2025-07-26 18:07:00,2025-07-26 18:07:00
1034,Charlene,Tran,Female,2018-07-27,0,8,2025-07-26 18:07:00,2025-07-26 18:07:00
1035,Carmen,Green,Male,2019-05-05,1,8,2025-07-26 18:07:00,2025-07-26 18:07:00
1036,Octavio,Bryan,Male,2019-06-20,1,8,2025-07-26 18:07:00,2025-07-26 18:07:00
1037,Andres,Fowler,Male,2018-04-06,0,8,2025-07-26 18:07:00,2025-07-26 18:07:00
1038,Ila,Weaver,Female,2019-08-14,1,8,2025-07-26 18:07:00,2025-07-26 18:07:00
1039,Nick,Ortiz,Male,2018-02-09,0,8,2025-07-26 18:07:00,2025-07-26 18:07:00
1040,Gil,Colon,Male,2018-12-10,0,8,2025-07-26 18:07:00,2025-07-26 18:07:00
1041,Heidi,Wallace,Female,2018-03-19,0,8,2025-07-26 18:07:00,2025-07-26 18:07:00
1042,Ernesto,Peterson,Male,2019-11-09,1,8,2025-07-26 18:07:00,2025-07-26 18:07:00
1043,Dino,Albert,Male,2018-03-08,0,8,2025-07-26 18:07:00,2025-07-26 18:07:00
1044,Jo,Dean,Female,2019-07-07,1,8,2025-07-26 18:07:00,2025-07-26 18:07:00
1045,Evan,Velasquez,Male,2018-05-07,0,8,2025-07-26 18:07:00,2025-07-26 18:07:00
1046,Lionel,Chase,Male,2019-06-14,1,8,2025-07-26 18:07:00,2025-07-26 18:07:00
1047,Elliot,Merrill,Male,2019-02-19,1,8,2025-07-26 18:07:00,2025-07-26 18:07:00
1048,Bessie,Nash,Female,2018-07-01,0,8,2025-07-26 18:07:00,2025-07-26 18:07:00
1049,Caleb,Grimes,Male,2018-06-20,0,8,2025-07-26 18:07:00,2025-07-26 18:07:00
1050,Twila,Oneal,Female,2019-05-15,1,8,2025-07-26 18:07:00,2025-07-26 18:07:00
1051,Carmine,Whitaker,Male,2018-01-01,0,8,2025-07-26 18:07:00,2025-07-26 18:07:00
1052,Ward,Olsen,Male,2018-03-06,0,8,2025-07-26 18:07:00,2025-07-26 18:07:00
1053,Willis,Rodriguez,Male,2018-07-27,0,8,2025-07-26 18:07:00,2025-07-26 18:07:00
1054,Eric,Cline,Male,2018-04-10,0,8,2025-07-26 18:07:00,2025-07-26 18:07:00
1055,Rochelle,Monroe,Female,2019-03-05,1,8,2025-07-26 18:07:00,2025-07-26 18:07:00
1056,Alberta,Dunn,Female,2018-03-12,0,8,2025-07-26 18:07:00,2025-07-26 18:07:00
1057,Troy,Gutierrez,Male,2019-06-19,1,8,2025-07-26 18:07:00,2025-07-26 18:07:00
1058,Ellen,Burks,Female,2019-03-02,1,8,2025-07-26 18:07:00,2025-07-26 18:07:00
1059,Reid,Peters,Male,2019-07-10,1,8,2025-07-26 18:07:00,2025-07-26 18:07:00
1060,Constance,Chambers,Female,2019-10-06,1,8,2025-07-26 18:07:00,2025-07-26 18:07:00
1061,Twila,Talley,Female,2018-05-21,0,8,2025-07-26 18:07:00,2025-07-26 18:07:00
1062,Royce,Barrett,Male,2019-11-24,1,8,2025-07-26 18:07:00,2025-07-26 18:07:00
1063,Petra,Ross,Female,2019-06-06,1,8,2025-07-26 18:07:00,2025-07-26 18:07:00
1064,Saundra,Frank,Female,2019-08-15,1,8,2025-07-26 18:07:00,2025-07-26 18:07:00
1065,Chuck,Roberts,Male,2018-07-06,0,8,2025-07-26 18:07:00,2025-07-26 18:07:00
1066,Andrew,Berger,Male,2018-03-10,0,8,2025-07-26 18:07:00,2025-07-26 18:07:00
1067,Randell,Roy,Male,2018-07-26,0,8,2025-07-26 18:07:00,2025-07-26 18:07:00
1068,Nola,Carter,Female,2019-09-05,1,8,2025-07-26 18:07:00,2025-07-26 18:07:00
1069,Joan,Stanton,Female,2019-09-25,1,8,2025-07-26 18:07:00,2025-07-26 18:07:00
1070,Adrian,Webster,Male,2019-07-22,1,8,2025-07-26 18:07:00,2025-07-26 18:07:00
1071,Beryl,Flynn,Female,2018-07-27,0,8,2025-07-26 18:07:00,2025-07-26 18:07:00
1072,Margaret,Thompson,Female,2018-09-21,0,8,2025-07-26 18:07:00,2025-07-26 18:07:00
1073,Dan,Leach,Male,2019-12-13,1,8,2025-07-26 18:07:00,2025-07-26 18:07:00
1074,Tammie,Cain,Female,2019-10-17,1,8,2025-07-26 18:07:00,2025-07-26 18:07:00
1075,Sonja,Hartman,Female,2019-12-05,1,8,2025-07-26 18:07:00,2025-07-26 18:07:00
1076,Cruz,Coleman,Male,2018-08-18,0,8,2025-07-26 18:07:00,2025-07-26 18:07:00
1077,Rosanna,Rasmussen,Female,2019-04-07,1,8,2025-07-26 18:07:00,2025-07-26 18:07:00
1078,Myles,Snider,Male,2019-02-23,1,8,2025-07-26 18:07:00,2025-07-26 18:07:00
1079,Leanna,Moon,Female,2019-03-27,1,8,2025-07-26 18:07:00,2025-07-26 18:07:00
1080,Lynnette,Curry,Female,2018-01-09,0,8,2025-07-26 18:07:00,2025-07-26 18:07:00
1081,Holly,Alford,Female,2019-10-08,1,8,2025-07-26 18:07:00,2025-07-26 18:07:00
1082,Dannie,Zamora,Male,2019-12-24,1,8,2025-07-26 18:07:00,2025-07-26 18:07:00
1083,Elmer,Brooks,Male,2018-08-22,0,8,2025-07-26 18:07:00,2025-07-26 18:07:00
1084,Lawrence,Bruce,Male,2019-06-01,1,8,2025-07-26 18:07:00,2025-07-26 18:07:00
1085,Rachael,Dotson,Female,2018-07-12,0,8,2025-07-26 18:07:00,2025-07-26 18:07:00
1086,Kaye,Blackwell,Female,2019-03-05,1,8,2025-07-26 18:07:00,2025-07-26 18:07:00
1087,Silvia,Terrell,Female,2018-04-18,0,8,2025-07-26 18:07:00,2025-07-26 18:07:00
1088,Carson,Miranda,Male,2019-09-14,1,8,2025-07-26 18:07:00,2025-07-26 18:07:00
1089,Diann,Francis,Female,2018-06-08,0,8,2025-07-26 18:07:00,2025-07-26 18:07:00
1090,Caroline,Emerson,Female,2018-06-11,0,8,2025-07-26 18:07:00,2025-07-26 18:07:00
1091,Ina,Ward,Female,2019-02-13,1,8,2025-07-26 18:07:00,2025-07-26 18:07:00
1092,Alfred,Carlson,Male,2019-10-02,1,8,2025-07-26 18:07:00,2025-07-26 18:07:00
1093,Lance,Sawyer,Male,2019-12-10,1,8,2025-07-26 18:07:00,2025-07-26 18:07:00
1094,Frankie,Collier,Female,2018-05-06,0,8,2025-07-26 18:07:00,2025-07-26 18:07:00
1095,Tami,Fitzpatrick,Female,2019-06-22,1,8,2025-07-26 18:07:00,2025-07-26 18:07:00
1096,Jarrett,Guthrie,Male,2018-12-10,0,8,2025-07-26 18:07:00,2025-07-26 18:07:00
1097,Olen,Lowe,Male,2018-09-16,0,8,2025-07-26 18:07:00,2025-07-26 18:07:00
1098,Israel,Washington,Male,2018-12-08,0,8,2025-07-26 18:07:00,2025-07-26 18:07:00
1099,Cornelia,Mccormick,Female,2019-04-26,1,8,2025-07-26 18:07:00,2025-07-26 18:07:00
1100,Jacqueline,Walter,Female,2019-05-07,1,8,2025-07-26 18:07:00,2025-07-26 18:07:00
1101,Elisa,Knapp,Female,2018-07-26,0,8,2025-07-26 18:07:00,2025-07-26 18:07:00
1102,Kathryn,Fernandez,Female,2018-10-19,0,8,2025-07-26 18:07:00,2025-07-26 18:07:00
1103,Dolly,Castaneda,Female,2018-04-12,0,8,2025-07-26 18:07:00,2025-07-26 18:07:00
1104,Hung,Potts,Male,2020-02-15,1,9,2025-07-26 18:07:00,2025-07-26 18:07:00
1105,Mindy,Wilkins,Female,2019-11-04,0,9,2025-07-26 18:07:00,2025-07-26 18:07:00
1106,Jacob,Hester,Male,2020-01-02,1,9,2025-07-26 18:07:00,2025-07-26 18:07:00
1107,Wilma,Howe,Female,2019-02-02,0,9,2025-07-26 18:07:00,2025-07-26 18:07:00
1108,Robby,Larsen,Male,2020-05-02,1,9,2025-07-26 18:07:00,2025-07-26 18:07:00
1109,Juliana,Lindsey,Female,2019-09-09,0,9,2025-07-26 18:07:00,2025-07-26 18:07:00
1110,Joan,Humphrey,Male,2019-08-20,0,9,2025-07-26 18:07:00,2025-07-26 18:07:00
1111,Audra,Conrad,Female,2019-11-19,0,9,2025-07-26 18:07:00,2025-07-26 18:07:00
1112,Trudy,Hood,Female,2019-10-19,0,9,2025-07-26 18:07:00,2025-07-26 18:07:00
1113,Freddie,Mcgowan,Male,2019-10-04,0,9,2025-07-26 18:07:00,2025-07-26 18:07:00
1114,Douglas,Travis,Male,2020-05-19,1,9,2025-07-26 18:07:00,2025-07-26 18:07:00
1115,Marcy,Patterson,Female,2019-11-24,0,9,2025-07-26 18:07:00,2025-07-26 18:07:00
1116,Nadine,Rocha,Female,2020-11-04,1,9,2025-07-26 18:07:00,2025-07-26 18:07:00
1117,Katy,Jones,Female,2020-09-12,1,9,2025-07-26 18:07:00,2025-07-26 18:07:00
1118,Louie,Bullock,Male,2020-07-22,1,9,2025-07-26 18:07:00,2025-07-26 18:07:00
1119,Houston,Mcmillan,Male,2020-03-22,1,9,2025-07-26 18:07:00,2025-07-26 18:07:00
1120,Jennifer,Copeland,Female,2019-05-24,0,9,2025-07-26 18:07:00,2025-07-26 18:07:00
1121,Geoffrey,Finch,Male,2019-01-08,0,9,2025-07-26 18:07:00,2025-07-26 18:07:00
1122,Luke,Harding,Male,2019-12-10,0,9,2025-07-26 18:07:00,2025-07-26 18:07:00
1123,Coy,Ray,Male,2019-06-15,0,9,2025-07-26 18:07:00,2025-07-26 18:07:00
1124,Jefferson,Briggs,Male,2019-05-23,0,9,2025-07-26 18:07:00,2025-07-26 18:07:00
1125,Flora,Maxwell,Female,2019-12-11,0,9,2025-07-26 18:07:00,2025-07-26 18:07:00
1126,Tricia,Key,Female,2019-09-11,0,9,2025-07-26 18:07:00,2025-07-26 18:07:00
1127,Imogene,Snyder,Female,2020-02-16,1,9,2025-07-26 18:07:00,2025-07-26 18:07:00
1128,Connie,Noble,Female,2019-09-28,0,9,2025-07-26 18:07:00,2025-07-26 18:07:00
1129,Sheryl,Carpenter,Female,2020-09-21,1,9,2025-07-26 18:07:00,2025-07-26 18:07:00
1130,Rafael,Gilbert,Male,2019-02-27,0,9,2025-07-26 18:07:00,2025-07-26 18:07:00
1131,Bridgett,Robertson,Female,2020-10-23,1,9,2025-07-26 18:07:00,2025-07-26 18:07:00
1132,Eduardo,Barr,Male,2019-12-03,0,9,2025-07-26 18:07:00,2025-07-26 18:07:00
1133,Camille,Morse,Female,2019-06-19,0,9,2025-07-26 18:07:00,2025-07-26 18:07:00
1134,Darwin,Carr,Male,2019-08-08,0,9,2025-07-26 18:07:00,2025-07-26 18:07:00
1135,Dena,Wilson,Female,2019-09-02,0,9,2025-07-26 18:07:00,2025-07-26 18:07:00
1136,Roman,Hinton,Male,2019-07-15,0,9,2025-07-26 18:07:00,2025-07-26 18:07:00
1137,Clint,Silva,Male,2020-07-27,1,9,2025-07-26 18:07:00,2025-07-26 18:07:00
1138,Burton,Rojas,Male,2019-06-06,0,9,2025-07-26 18:07:00,2025-07-26 18:07:00
1139,Roosevelt,May,Male,2020-09-05,1,9,2025-07-26 18:07:00,2025-07-26 18:07:00
1140,Mercedes,Barton,Female,2020-07-27,1,9,2025-07-26 18:07:00,2025-07-26 18:07:00
1141,Mai,Witt,Female,2019-10-11,0,9,2025-07-26 18:07:00,2025-07-26 18:07:00
1142,Waldo,Mendez,Male,2020-08-11,1,9,2025-07-26 18:07:00,2025-07-26 18:07:00
1143,Jimmie,Carney,Male,2020-06-09,1,9,2025-07-26 18:07:00,2025-07-26 18:07:00
1144,Kelvin,Aguilar,Male,2020-11-20,1,9,2025-07-26 18:07:00,2025-07-26 18:07:00
1145,Margret,Pacheco,Female,2019-11-11,0,9,2025-07-26 18:07:00,2025-07-26 18:07:00
1146,Frederic,Knight,Male,2019-09-22,0,9,2025-07-26 18:07:00,2025-07-26 18:07:00
1147,Will,Acevedo,Male,2019-01-06,0,9,2025-07-26 18:07:00,2025-07-26 18:07:00
1148,Felecia,Clarke,Female,2020-02-01,1,9,2025-07-26 18:07:00,2025-07-26 18:07:00
1149,Sadie,Saunders,Female,2020-12-01,1,9,2025-07-26 18:07:00,2025-07-26 18:07:00
1150,Elwood,Salazar,Male,2020-08-22,1,9,2025-07-26 18:07:00,2025-07-26 18:07:00
1151,Sergio,Ratliff,Male,2020-11-17,1,9,2025-07-26 18:07:00,2025-07-26 18:07:00
1152,Rolland,Steele,Male,2020-09-26,1,9,2025-07-26 18:07:00,2025-07-26 18:07:00
1153,Mamie,Morgan,Female,2019-03-08,0,9,2025-07-26 18:07:00,2025-07-26 18:07:00
1154,Milo,Joyce,Male,2020-07-28,1,9,2025-07-26 18:07:00,2025-07-26 18:07:00
1155,Sandy,Harris,Male,2020-04-21,1,9,2025-07-26 18:07:00,2025-07-26 18:07:00
1156,Doyle,Alston,Male,2020-11-04,1,9,2025-07-26 18:07:00,2025-07-26 18:07:00
1157,Meghan,Anderson,Female,2019-03-09,0,9,2025-07-26 18:07:00,2025-07-26 18:07:00
1158,Raquel,Lindsay,Female,2020-09-08,1,9,2025-07-26 18:07:00,2025-07-26 18:07:00
1159,Robert,Middleton,Male,2020-04-25,1,9,2025-07-26 18:07:00,2025-07-26 18:07:00
1160,Lydia,Valenzuela,Female,2019-04-26,0,9,2025-07-26 18:07:00,2025-07-26 18:07:00
1161,Sonja,Spears,Female,2019-09-09,0,9,2025-07-26 18:07:00,2025-07-26 18:07:00
1162,Carolyn,Newton,Female,2019-01-14,0,9,2025-07-26 18:07:00,2025-07-26 18:07:00
1163,Alvaro,Acosta,Male,2019-07-04,0,9,2025-07-26 18:07:00,2025-07-26 18:07:00
1164,Sherry,Alexander,Female,2019-08-24,0,9,2025-07-26 18:07:00,2025-07-26 18:07:00
1165,Coleen,Stone,Female,2019-04-18,0,9,2025-07-26 18:07:00,2025-07-26 18:07:00
1166,Terry,Arnold,Female,2019-02-23,0,9,2025-07-26 18:07:00,2025-07-26 18:07:00
1167,Elias,Cross,Male,2019-01-12,0,9,2025-07-26 18:07:00,2025-07-26 18:07:00
1168,Violet,Melendez,Female,2020-10-23,1,9,2025-07-26 18:07:00,2025-07-26 18:07:00
1169,Cecelia,Battle,Female,2020-01-03,1,9,2025-07-26 18:07:00,2025-07-26 18:07:00
1170,Seth,Mcneil,Male,2020-01-08,1,9,2025-07-26 18:07:00,2025-07-26 18:07:00
1171,Ana,Velez,Female,2020-06-08,1,9,2025-07-26 18:07:00,2025-07-26 18:07:00
1172,Ruby,Mullins,Female,2021-03-08,1,10,2025-07-26 18:07:00,2025-07-26 18:07:00
1173,Cathleen,Bernard,Female,2021-04-13,1,10,2025-07-26 18:07:00,2025-07-26 18:07:00
1174,Erwin,Kerr,Male,2020-11-03,0,10,2025-07-26 18:07:00,2025-07-26 18:07:00
1175,Susana,Sanders,Female,2021-01-27,1,10,2025-07-26 18:07:00,2025-07-26 18:07:00
1176,Lynn,Barron,Female,2020-07-18,0,10,2025-07-26 18:07:00,2025-07-26 18:07:00
1177,Dorian,Nichols,Male,2021-12-14,1,10,2025-07-26 18:07:00,2025-07-26 18:07:00
1178,Molly,Strickland,Female,2020-10-24,0,10,2025-07-26 18:07:00,2025-07-26 18:07:00
1179,Alba,Gordon,Female,2021-11-27,1,10,2025-07-26 18:07:00,2025-07-26 18:07:00
1180,Hiram,Duffy,Male,2021-10-24,1,10,2025-07-26 18:07:00,2025-07-26 18:07:00
1181,Ronny,Cantu,Male,2020-10-13,0,10,2025-07-26 18:07:00,2025-07-26 18:07:00
1182,Bertha,Freeman,Female,2020-06-04,0,10,2025-07-26 18:07:00,2025-07-26 18:07:00
1183,Chuck,Hyde,Male,2020-05-15,0,10,2025-07-26 18:07:00,2025-07-26 18:07:00
1184,Claudine,Mccoy,Female,2020-02-20,0,10,2025-07-26 18:07:00,2025-07-26 18:07:00
1185,Desmond,Perez,Male,2020-07-23,0,10,2025-07-26 18:07:00,2025-07-26 18:07:00
1186,Tristan,Stokes,Male,2020-08-10,0,10,2025-07-26 18:07:00,2025-07-26 18:07:00
1187,Ned,Brennan,Male,2020-06-20,0,10,2025-07-26 18:07:00,2025-07-26 18:07:00
1188,Freddy,Johnston,Male,2021-05-21,1,10,2025-07-26 18:07:00,2025-07-26 18:07:00
1189,Luisa,Dyer,Female,2020-01-01,0,10,2025-07-26 18:07:00,2025-07-26 18:07:00
1190,Sabrina,Cummings,Female,2020-02-19,0,10,2025-07-26 18:07:00,2025-07-26 18:07:00
1191,Dora,Randall,Female,2021-11-20,1,10,2025-07-26 18:07:00,2025-07-26 18:07:00
1192,Chelsea,Taylor,Female,2021-12-18,1,10,2025-07-26 18:07:00,2025-07-26 18:07:00
1193,Lavonne,Mcconnell,Female,2020-07-21,0,10,2025-07-26 18:07:00,2025-07-26 18:07:00
1194,Kim,Beasley,Female,2021-01-15,1,10,2025-07-26 18:07:00,2025-07-26 18:07:00
1195,Kelly,Sykes,Female,2020-12-15,0,10,2025-07-26 18:07:00,2025-07-26 18:07:00
1196,Lee,Luna,Male,2020-06-24,0,10,2025-07-26 18:07:00,2025-07-26 18:07:00
1197,Brent,Gallegos,Male,2021-10-24,1,10,2025-07-26 18:07:00,2025-07-26 18:07:00
1198,Darlene,Blair,Female,2021-12-05,1,10,2025-07-26 18:07:00,2025-07-26 18:07:00
1199,Vicente,Cardenas,Male,2020-02-24,0,10,2025-07-26 18:07:00,2025-07-26 18:07:00
1200,Melanie,Trujillo,Female,2021-02-26,1,10,2025-07-26 18:07:00,2025-07-26 18:07:00
1201,Johnathon,Goff,Male,2020-05-05,0,10,2025-07-26 18:07:00,2025-07-26 18:07:00
1202,Cyril,Ellison,Male,2021-07-11,1,10,2025-07-26 18:07:00,2025-07-26 18:07:00
1203,Renee,Love,Female,2021-07-18,1,10,2025-07-26 18:07:00,2025-07-26 18:07:00
1204,Nigel,Flowers,Male,2020-12-22,0,10,2025-07-26 18:07:00,2025-07-26 18:07:00
1205,Lemuel,Mercer,Male,2020-01-28,0,10,2025-07-26 18:07:00,2025-07-26 18:07:00
1206,Milford,Hodges,Male,2020-11-09,0,10,2025-07-26 18:07:00,2025-07-26 18:07:00
1207,Patrice,Burgess,Female,2020-11-04,0,10,2025-07-26 18:07:00,2025-07-26 18:07:00
1208,Lorrie,Norton,Female,2020-02-06,0,10,2025-07-26 18:07:00,2025-07-26 18:07:00
1209,Randi,Haynes,Female,2020-08-21,0,10,2025-07-26 18:07:00,2025-07-26 18:07:00
1210,Sasha,Chang,Female,2021-10-28,1,10,2025-07-26 18:07:00,2025-07-26 18:07:00
1211,Latoya,Yang,Female,2020-05-16,0,10,2025-07-26 18:07:00,2025-07-26 18:07:00
1212,Leigh,Donovan,Female,2021-12-20,1,10,2025-07-26 18:07:00,2025-07-26 18:07:00
1213,Marylou,Ware,Female,2021-12-15,1,10,2025-07-26 18:07:00,2025-07-26 18:07:00
1214,Brady,Mclean,Male,2021-02-15,1,10,2025-07-26 18:07:00,2025-07-26 18:07:00
1215,Janine,Lott,Female,2021-05-05,1,10,2025-07-26 18:07:00,2025-07-26 18:07:00
1216,Anton,Mcdowell,Male,2021-07-27,1,10,2025-07-26 18:07:00,2025-07-26 18:07:00
1217,Simon,Myers,Male,2020-02-02,0,10,2025-07-26 18:07:00,2025-07-26 18:07:00
1218,Ethel,Frazier,Female,2021-02-17,1,10,2025-07-26 18:07:00,2025-07-26 18:07:00
1219,Rae,Huffman,Female,2020-11-10,0,10,2025-07-26 18:07:00,2025-07-26 18:07:00
1220,Toby,Good,Male,2020-09-10,0,10,2025-07-26 18:07:00,2025-07-26 18:07:00
1221,April,Madden,Female,2021-01-21,1,10,2025-07-26 18:07:00,2025-07-26 18:07:00
1222,Bridget,Stuart,Female,2021-09-03,1,10,2025-07-26 18:07:00,2025-07-26 18:07:00
1223,Clifton,Hurst,Male,2021-05-28,1,10,2025-07-26 18:07:00,2025-07-26 18:07:00
1224,Burton,Mathis,Male,2021-11-20,1,10,2025-07-26 18:07:00,2025-07-26 18:07:00
1225,Marcel,Porter,Male,2021-01-21,1,10,2025-07-26 18:07:00,2025-07-26 18:07:00
1226,Mallory,Gonzales,Female,2020-04-05,0,10,2025-07-26 18:07:00,2025-07-26 18:07:00
1227,Robert,Patrick,Male,2021-03-17,1,10,2025-07-26 18:07:00,2025-07-26 18:07:00
1228,Joni,Preston,Female,2021-04-18,1,10,2025-07-26 18:07:00,2025-07-26 18:07:00
1229,Sue,Harrison,Female,2020-08-04,0,10,2025-07-26 18:07:00,2025-07-26 18:07:00
1230,Iris,Potter,Female,2020-06-07,0,10,2025-07-26 18:07:00,2025-07-26 18:07:00
1231,Mavis,Murphy,Female,2020-01-07,0,10,2025-07-26 18:07:00,2025-07-26 18:07:00
1232,Winston,Adkins,Male,2020-09-10,0,10,2025-07-26 18:07:00,2025-07-26 18:07:00
1233,Sallie,Haley,Female,2020-09-19,0,10,2025-07-26 18:07:00,2025-07-26 18:07:00
1234,Kari,Thomas,Female,2021-03-02,1,10,2025-07-26 18:07:00,2025-07-26 18:07:00
1235,Melanie,Reid,Female,2021-03-25,1,10,2025-07-26 18:07:00,2025-07-26 18:07:00
1236,Dee,Hicks,Male,2020-09-18,0,10,2025-07-26 18:07:00,2025-07-26 18:07:00
1237,Olin,Poole,Male,2021-10-18,1,10,2025-07-26 18:07:00,2025-07-26 18:07:00
1238,Houston,Craft,Male,2021-10-05,1,10,2025-07-26 18:07:00,2025-07-26 18:07:00
1239,Roslyn,Sparks,Female,2020-10-12,0,10,2025-07-26 18:07:00,2025-07-26 18:07:00
1240,Darnell,Holland,Male,2020-11-14,0,10,2025-07-26 18:07:00,2025-07-26 18:07:00
1241,Aron,Ramsey,Male,2021-11-13,1,10,2025-07-26 18:07:00,2025-07-26 18:07:00
1242,Darrel,Carrillo,Male,2020-02-21,0,10,2025-07-26 18:07:00,2025-07-26 18:07:00
1243,Mary,Odonnell,Male,2020-12-20,0,10,2025-07-26 18:07:00,2025-07-26 18:07:00
1244,Joesph,Lawson,Male,2021-10-16,1,10,2025-07-26 18:07:00,2025-07-26 18:07:00
1245,Oliver,Hancock,Male,2020-07-17,0,10,2025-07-26 18:07:00,2025-07-26 18:07:00
1246,Meagan,Sanchez,Female,2021-09-12,1,10,2025-07-26 18:07:00,2025-07-26 18:07:00
1247,Merlin,Cole,Male,2021-07-27,1,10,2025-07-26 18:07:00,2025-07-26 18:07:00
1248,Johnathon,Murray,Male,2020-08-06,0,10,2025-07-26 18:07:00,2025-07-26 18:07:00
1249,Berry,Solomon,Male,2020-12-23,0,10,2025-07-26 18:07:00,2025-07-26 18:07:00
1250,Jeffrey,Garner,Male,2021-10-04,1,10,2025-07-26 18:07:00,2025-07-26 18:07:00
1251,Brock,Andrews,Male,2020-11-02,0,10,2025-07-26 18:07:00,2025-07-26 18:07:00
1252,Briana,Tucker,Female,2020-06-23,0,10,2025-07-26 18:07:00,2025-07-26 18:07:00
1253,Concepcion,Horn,Female,2020-12-21,0,10,2025-07-26 18:07:00,2025-07-26 18:07:00
1254,Noel,Byrd,Male,2021-05-05,1,10,2025-07-26 18:07:00,2025-07-26 18:07:00
