payment_id,guardian_id,fee_type_id,amount_paid,payment_date
PAY000001,1,4,8659,2020-08-15
PAY000002,1,4,7879,2020-09-15
PAY000003,1,4,7598,2020-10-15
PAY000004,1,4,7352,2020-11-15
PAY000005,1,4,8083,2020-12-15
PAY000006,1,4,8072,2021-01-15
PAY000007,1,4,8692,2021-02-15
PAY000008,1,4,7358,2021-03-15
PAY000009,1,4,7560,2021-04-15
PAY000010,1,1,151,2020-08-20
PAY000011,1,2,46,2020-08-29
PAY000012,2,4,8762,2020-08-15
PAY000013,2,4,7964,2020-09-15
PAY000014,2,4,7688,2020-10-15
PAY000015,2,4,8048,2020-11-15
PAY000016,2,4,8708,2020-12-15
PAY000017,2,4,7638,2021-01-15
PAY000018,2,4,7484,2021-02-15
PAY000019,2,4,7426,2021-03-15
PAY000020,2,4,7695,2021-04-15
PAY000021,2,1,149,2020-08-24
PAY000022,2,2,53,2020-08-23
PAY000023,4,4,8568,2020-08-15
PAY000024,4,4,8383,2020-09-15
PAY000025,4,4,8013,2020-10-15
PAY000026,4,4,8762,2020-11-15
PAY000027,4,4,7647,2020-12-15
PAY000028,4,4,7789,2021-01-15
PAY000029,4,4,7807,2021-02-15
PAY000030,4,4,8294,2021-03-15
PAY000031,4,4,8051,2021-04-15
PAY000032,6,4,8395,2020-08-15
PAY000033,6,1,159,2020-08-23
PAY000034,6,2,54,2020-08-23
PAY000035,8,4,7258,2020-08-15
PAY000036,8,4,8378,2020-09-15
PAY000037,8,4,7612,2020-10-15
PAY000038,8,4,7753,2020-11-15
PAY000039,8,4,7421,2020-12-15
PAY000040,8,4,7705,2021-01-15
PAY000041,8,4,8376,2021-02-15
PAY000042,8,4,8257,2021-03-15
PAY000043,8,4,8730,2021-04-15
PAY000044,8,2,54,2020-08-24
PAY000045,9,4,7643,2020-08-15
PAY000046,9,4,8188,2020-09-15
PAY000047,9,4,8517,2020-10-15
PAY000048,9,4,7438,2020-11-15
PAY000049,9,4,8375,2020-12-15
PAY000050,9,4,7755,2021-01-15
PAY000051,9,4,7526,2021-02-15
PAY000052,9,4,7418,2021-03-15
PAY000053,9,4,7628,2021-04-15
PAY000054,9,1,136,2020-08-15
PAY000055,9,2,48,2020-08-21
PAY000056,11,4,8014,2020-08-15
PAY000057,11,4,7771,2020-09-15
PAY000058,11,4,7868,2020-10-15
PAY000059,11,4,8576,2020-11-15
PAY000060,11,4,7394,2020-12-15
PAY000061,11,4,8532,2021-01-15
PAY000062,11,4,7861,2021-02-15
PAY000063,11,4,7479,2021-03-15
PAY000064,11,4,7441,2021-04-15
PAY000065,11,4,7757,2021-05-15
PAY000066,11,4,8158,2021-06-15
PAY000067,11,4,7922,2021-07-15
PAY000068,11,1,157,2020-08-12
PAY000069,11,2,50,2020-08-25
PAY000070,12,4,7983,2020-08-15
PAY000071,12,4,8742,2020-09-15
PAY000072,12,4,7910,2020-10-15
PAY000073,12,4,7612,2020-11-15
PAY000074,12,4,7506,2020-12-15
PAY000075,12,4,7793,2021-01-15
PAY000076,12,4,8722,2021-02-15
PAY000077,12,4,7412,2021-03-15
PAY000078,12,4,8731,2021-04-15
PAY000079,12,1,139,2020-08-23
PAY000080,14,4,8343,2020-08-15
PAY000081,14,4,7982,2020-09-15
PAY000082,14,4,8315,2020-10-15
PAY000083,14,4,7827,2020-11-15
PAY000084,14,4,7472,2020-12-15
PAY000085,14,4,8622,2021-01-15
PAY000086,14,4,7725,2021-02-15
PAY000087,14,4,7476,2021-03-15
PAY000088,14,4,7497,2021-04-15
PAY000089,14,1,150,2020-08-19
PAY000090,14,2,45,2020-08-13
PAY000091,16,4,8395,2020-08-15
PAY000092,16,4,8655,2020-09-15
PAY000093,16,4,8494,2020-10-15
PAY000094,16,4,7222,2020-11-15
PAY000095,16,4,8484,2020-12-15
PAY000096,16,4,8022,2021-01-15
PAY000097,16,4,8168,2021-02-15
PAY000098,16,4,8180,2021-03-15
PAY000099,16,4,7460,2021-04-15
PAY000100,16,2,46,2020-08-29
PAY000101,17,4,8348,2020-08-15
PAY000102,17,4,8105,2020-09-15
PAY000103,17,4,8336,2020-10-15
PAY000104,17,4,8155,2020-11-15
PAY000105,17,4,8461,2020-12-15
PAY000106,17,4,8191,2021-01-15
PAY000107,17,4,8461,2021-02-15
PAY000108,17,4,7872,2021-03-15
PAY000109,17,4,8189,2021-04-15
PAY000110,17,2,53,2020-08-18
PAY000111,18,4,7231,2020-08-15
PAY000112,18,4,8240,2020-09-15
PAY000113,18,4,8115,2020-10-15
PAY000114,18,4,8211,2020-11-15
PAY000115,18,4,8392,2020-12-15
PAY000116,18,4,8700,2021-01-15
PAY000117,18,4,8468,2021-02-15
PAY000118,18,4,7580,2021-03-15
PAY000119,18,4,8256,2021-04-15
PAY000120,18,1,154,2020-08-19
PAY000121,19,4,8262,2020-08-15
PAY000122,19,4,8006,2020-09-15
PAY000123,19,4,8165,2020-10-15
PAY000124,19,4,7633,2020-11-15
PAY000125,19,4,7549,2020-12-15
PAY000126,19,4,8122,2021-01-15
PAY000127,19,4,8486,2021-02-15
PAY000128,19,4,8126,2021-03-15
PAY000129,19,4,8762,2021-04-15
PAY000130,19,4,8412,2021-05-15
PAY000131,19,4,7678,2021-06-15
PAY000132,19,4,7511,2021-07-15
PAY000133,19,1,141,2020-08-24
PAY000134,19,2,52,2020-08-24
PAY000135,20,4,7489,2020-08-15
PAY000136,20,4,8226,2020-09-15
PAY000137,20,4,8296,2020-10-15
PAY000138,20,4,8225,2020-11-15
PAY000139,20,4,8798,2020-12-15
PAY000140,20,4,8372,2021-01-15
PAY000141,20,4,7890,2021-02-15
PAY000142,20,4,8081,2021-03-15
PAY000143,20,4,8537,2021-04-15
PAY000144,20,1,164,2020-08-25
PAY000145,20,2,51,2020-08-30
PAY000146,22,4,7993,2020-08-15
PAY000147,22,4,8564,2020-09-15
PAY000148,22,4,8717,2020-10-15
PAY000149,22,4,8463,2020-11-15
PAY000150,22,4,7360,2020-12-15
PAY000151,22,4,7608,2021-01-15
PAY000152,22,4,7979,2021-02-15
PAY000153,22,4,8253,2021-03-15
PAY000154,22,4,7281,2021-04-15
PAY000155,22,4,8268,2021-05-15
PAY000156,22,4,7818,2021-06-15
PAY000157,22,4,8580,2021-07-15
PAY000158,22,1,142,2020-08-26
PAY000159,22,2,50,2020-08-30
PAY000160,23,4,7924,2020-08-15
PAY000161,23,4,8052,2020-09-15
PAY000162,23,4,8290,2020-10-15
PAY000163,23,4,7283,2020-11-15
PAY000164,23,4,8041,2020-12-15
PAY000165,23,4,8451,2021-01-15
PAY000166,23,4,8665,2021-02-15
PAY000167,23,4,8296,2021-03-15
PAY000168,23,4,7944,2021-04-15
PAY000169,23,1,154,2020-08-17
PAY000170,23,2,47,2020-08-11
PAY000171,24,4,7827,2020-08-15
PAY000172,24,4,8190,2020-09-15
PAY000173,24,4,7783,2020-10-15
PAY000174,24,4,7229,2020-11-15
PAY000175,24,4,7983,2020-12-15
PAY000176,24,4,8223,2021-01-15
PAY000177,24,4,7944,2021-02-15
PAY000178,24,4,8113,2021-03-15
PAY000179,24,4,8011,2021-04-15
PAY000180,24,4,8453,2021-05-15
PAY000181,24,4,8335,2021-06-15
PAY000182,24,4,8364,2021-07-15
PAY000183,24,1,154,2020-08-10
PAY000184,24,2,54,2020-08-22
PAY000185,26,4,7245,2020-08-15
PAY000186,26,4,7454,2020-09-15
PAY000187,26,4,7965,2020-10-15
PAY000188,26,4,8110,2020-11-15
PAY000189,26,4,7832,2020-12-15
PAY000190,26,4,8482,2021-01-15
PAY000191,26,4,7877,2021-02-15
PAY000192,26,4,7565,2021-03-15
PAY000193,26,4,7678,2021-04-15
PAY000194,26,2,50,2020-08-22
PAY000195,28,4,7939,2020-08-15
PAY000196,28,4,7638,2020-09-15
PAY000197,28,4,7757,2020-10-15
PAY000198,28,4,8535,2020-11-15
PAY000199,28,4,7220,2020-12-15
PAY000200,28,4,8094,2021-01-15
PAY000201,28,4,8162,2021-02-15
PAY000202,28,4,8132,2021-03-15
PAY000203,28,4,7459,2021-04-15
PAY000204,28,1,164,2020-08-13
PAY000205,29,4,7663,2020-08-15
PAY000206,29,4,8350,2020-09-15
PAY000207,29,4,8448,2020-10-15
PAY000208,29,4,7989,2020-11-15
PAY000209,29,4,7323,2020-12-15
PAY000210,29,4,7296,2021-01-15
PAY000211,29,4,8341,2021-02-15
PAY000212,29,4,7512,2021-03-15
PAY000213,29,4,7977,2021-04-15
PAY000214,29,2,45,2020-08-20
PAY000215,30,4,7573,2020-08-15
PAY000216,30,4,7682,2020-09-15
PAY000217,30,4,7805,2020-10-15
PAY000218,30,4,7326,2020-11-15
PAY000219,30,4,7838,2020-12-15
PAY000220,30,4,8370,2021-01-15
PAY000221,30,4,7691,2021-02-15
PAY000222,30,4,8681,2021-03-15
PAY000223,30,4,8329,2021-04-15
PAY000224,30,2,45,2020-08-26
PAY000225,31,4,8102,2020-08-15
PAY000226,31,4,7311,2020-09-15
PAY000227,31,4,8459,2020-10-15
PAY000228,31,4,8404,2020-11-15
PAY000229,31,4,8149,2020-12-15
PAY000230,31,4,7585,2021-01-15
PAY000231,31,4,7607,2021-02-15
PAY000232,31,4,7577,2021-03-15
PAY000233,31,4,7450,2021-04-15
PAY000234,31,1,152,2020-08-24
PAY000235,31,2,50,2020-08-25
PAY000236,32,4,7740,2020-08-15
PAY000237,32,4,8339,2020-09-15
PAY000238,32,4,8327,2020-10-15
PAY000239,32,4,7821,2020-11-15
PAY000240,32,4,8122,2020-12-15
PAY000241,32,4,8380,2021-01-15
PAY000242,32,4,8237,2021-02-15
PAY000243,32,4,8445,2021-03-15
PAY000244,32,4,8198,2021-04-15
PAY000245,32,4,7504,2021-05-15
PAY000246,32,4,8096,2021-06-15
PAY000247,32,4,7235,2021-07-15
PAY000248,32,1,138,2020-08-16
PAY000249,33,4,7536,2020-08-15
PAY000250,33,4,8761,2020-09-15
PAY000251,33,4,8385,2020-10-15
PAY000252,33,4,8149,2020-11-15
PAY000253,33,4,7353,2020-12-15
PAY000254,33,4,8477,2021-01-15
PAY000255,33,4,8029,2021-02-15
PAY000256,33,4,7670,2021-03-15
PAY000257,33,4,8755,2021-04-15
PAY000258,33,1,140,2020-08-20
PAY000259,33,2,53,2020-08-30
PAY000260,34,4,8168,2020-08-15
PAY000261,34,1,163,2020-08-25
PAY000262,34,2,50,2020-08-20
PAY000263,35,4,8195,2020-08-15
PAY000264,35,4,7897,2020-09-15
PAY000265,35,4,8293,2020-10-15
PAY000266,35,4,7940,2020-11-15
PAY000267,35,4,8795,2020-12-15
PAY000268,35,4,8173,2021-01-15
PAY000269,35,4,8079,2021-02-15
PAY000270,35,4,8264,2021-03-15
PAY000271,35,4,8392,2021-04-15
PAY000272,35,1,158,2020-08-19
PAY000273,35,2,46,2020-08-10
PAY000274,36,4,8022,2020-08-15
PAY000275,36,4,8166,2020-09-15
PAY000276,36,4,8208,2020-10-15
PAY000277,36,4,8570,2020-11-15
PAY000278,36,4,7490,2020-12-15
PAY000279,36,4,7548,2021-01-15
PAY000280,36,4,8622,2021-02-15
PAY000281,36,4,8321,2021-03-15
PAY000282,36,4,7758,2021-04-15
PAY000283,36,1,155,2020-08-17
PAY000284,36,2,50,2020-08-15
PAY000285,37,4,7892,2020-08-15
PAY000286,37,4,7528,2020-09-15
PAY000287,37,4,8424,2020-10-15
PAY000288,37,4,8619,2020-11-15
PAY000289,37,4,8261,2020-12-15
PAY000290,37,4,8212,2021-01-15
PAY000291,37,4,8432,2021-02-15
PAY000292,37,4,7908,2021-03-15
PAY000293,37,4,7612,2021-04-15
PAY000294,37,1,137,2020-08-11
PAY000295,37,2,49,2020-08-23
PAY000296,38,4,8685,2020-08-15
PAY000297,38,4,8674,2020-09-15
PAY000298,38,4,7338,2020-10-15
PAY000299,38,4,7847,2020-11-15
PAY000300,38,4,7928,2020-12-15
PAY000301,38,4,7427,2021-01-15
PAY000302,38,4,8328,2021-02-15
PAY000303,38,4,8093,2021-03-15
PAY000304,38,4,8361,2021-04-15
PAY000305,38,1,155,2020-08-19
PAY000306,39,4,7840,2020-08-15
PAY000307,39,4,8694,2020-09-15
PAY000308,39,4,8081,2020-10-15
PAY000309,39,4,7242,2020-11-15
PAY000310,39,4,8135,2020-12-15
PAY000311,39,4,7550,2021-01-15
PAY000312,39,4,8554,2021-02-15
PAY000313,39,4,7939,2021-03-15
PAY000314,39,4,8684,2021-04-15
PAY000315,39,1,155,2020-08-12
PAY000316,39,2,49,2020-08-18
PAY000317,40,4,7527,2020-08-15
PAY000318,40,4,7961,2020-09-15
PAY000319,40,4,7946,2020-10-15
PAY000320,40,4,7530,2020-11-15
PAY000321,40,4,8544,2020-12-15
PAY000322,40,4,7975,2021-01-15
PAY000323,40,4,8504,2021-02-15
PAY000324,40,4,8472,2021-03-15
PAY000325,40,4,7956,2021-04-15
PAY000326,40,2,54,2020-08-26
PAY000327,41,4,8511,2020-08-15
PAY000328,41,4,7432,2020-09-15
PAY000329,41,4,7728,2020-10-15
PAY000330,41,4,8447,2020-11-15
PAY000331,41,4,7719,2020-12-15
PAY000332,41,4,8138,2021-01-15
PAY000333,41,4,7761,2021-02-15
PAY000334,41,4,8283,2021-03-15
PAY000335,41,4,7702,2021-04-15
PAY000336,41,4,7820,2021-05-15
PAY000337,41,4,8196,2021-06-15
PAY000338,41,4,7567,2021-07-15
PAY000339,41,1,137,2020-08-20
PAY000340,41,2,51,2020-08-25
PAY000341,42,4,7271,2020-08-15
PAY000342,42,4,7865,2020-09-15
PAY000343,42,4,8007,2020-10-15
PAY000344,42,4,8000,2020-11-15
PAY000345,42,4,7770,2020-12-15
PAY000346,42,4,7455,2021-01-15
PAY000347,42,4,8027,2021-02-15
PAY000348,42,4,7897,2021-03-15
PAY000349,42,4,7660,2021-04-15
PAY000350,42,1,148,2020-08-19
PAY000351,42,2,51,2020-08-26
PAY000352,44,4,8674,2020-08-15
PAY000353,44,4,8061,2020-09-15
PAY000354,44,4,7860,2020-10-15
PAY000355,44,4,8566,2020-11-15
PAY000356,44,4,8176,2020-12-15
PAY000357,44,4,7456,2021-01-15
PAY000358,44,4,8005,2021-02-15
PAY000359,44,4,8107,2021-03-15
PAY000360,44,4,7612,2021-04-15
PAY000361,46,4,8149,2020-08-15
PAY000362,46,4,8279,2020-09-15
PAY000363,46,4,7907,2020-10-15
PAY000364,46,4,7566,2020-11-15
PAY000365,46,4,8386,2020-12-15
PAY000366,46,4,7799,2021-01-15
PAY000367,46,4,7216,2021-02-15
PAY000368,46,4,7899,2021-03-15
PAY000369,46,4,7936,2021-04-15
PAY000370,46,4,8596,2021-05-15
PAY000371,46,4,7804,2021-06-15
PAY000372,46,4,7578,2021-07-15
PAY000373,46,1,142,2020-08-14
PAY000374,46,2,46,2020-08-24
PAY000375,47,4,7901,2020-08-15
PAY000376,47,4,7673,2020-09-15
PAY000377,47,4,8160,2020-10-15
PAY000378,47,4,8462,2020-11-15
PAY000379,47,4,7402,2020-12-15
PAY000380,47,4,7279,2021-01-15
PAY000381,47,4,7464,2021-02-15
PAY000382,47,4,7358,2021-03-15
PAY000383,47,4,7404,2021-04-15
PAY000384,47,1,143,2020-08-14
PAY000385,48,4,7661,2020-08-15
PAY000386,48,4,7788,2020-09-15
PAY000387,48,4,7254,2020-10-15
PAY000388,48,4,7706,2020-11-15
PAY000389,48,4,8107,2020-12-15
PAY000390,48,4,8347,2021-01-15
PAY000391,48,4,7204,2021-02-15
PAY000392,48,4,8276,2021-03-15
PAY000393,48,4,8679,2021-04-15
PAY000394,48,2,52,2020-08-20
PAY000395,50,4,7392,2020-08-15
PAY000396,50,1,144,2020-08-28
PAY000397,50,2,49,2020-08-24
PAY000398,52,4,7403,2020-08-15
PAY000399,52,4,7345,2020-09-15
PAY000400,52,4,7702,2020-10-15
PAY000401,52,4,7611,2020-11-15
PAY000402,52,4,7496,2020-12-15
PAY000403,52,4,8308,2021-01-15
PAY000404,52,4,8067,2021-02-15
PAY000405,52,4,8499,2021-03-15
PAY000406,52,4,7729,2021-04-15
PAY000407,52,1,146,2020-08-29
PAY000408,52,2,45,2020-08-25
PAY000409,53,4,7627,2020-08-15
PAY000410,53,4,7207,2020-09-15
PAY000411,53,4,8570,2020-10-15
PAY000412,53,4,7398,2020-11-15
PAY000413,53,4,8772,2020-12-15
PAY000414,53,4,8173,2021-01-15
PAY000415,53,4,7345,2021-02-15
PAY000416,53,4,8369,2021-03-15
PAY000417,53,4,8184,2021-04-15
PAY000418,53,4,8037,2021-05-15
PAY000419,53,4,8316,2021-06-15
PAY000420,53,4,7302,2021-07-15
PAY000421,53,1,158,2020-08-15
PAY000422,53,2,45,2020-08-23
PAY000423,55,4,8321,2020-08-15
PAY000424,55,4,8099,2020-09-15
PAY000425,55,4,7987,2020-10-15
PAY000426,55,4,8679,2020-11-15
PAY000427,55,4,8111,2020-12-15
PAY000428,55,4,7336,2021-01-15
PAY000429,55,4,7413,2021-02-15
PAY000430,55,4,7297,2021-03-15
PAY000431,55,4,8133,2021-04-15
PAY000432,55,1,137,2020-08-24
PAY000433,56,4,8523,2020-08-15
PAY000434,56,4,7902,2020-09-15
PAY000435,56,4,7448,2020-10-15
PAY000436,56,4,8119,2020-11-15
PAY000437,56,4,7594,2020-12-15
PAY000438,56,4,8537,2021-01-15
PAY000439,56,4,7802,2021-02-15
PAY000440,56,4,8039,2021-03-15
PAY000441,56,4,7975,2021-04-15
PAY000442,56,1,135,2020-08-22
PAY000443,56,2,52,2020-08-19
PAY000444,58,4,7699,2020-08-15
PAY000445,58,4,7773,2020-09-15
PAY000446,58,4,8192,2020-10-15
PAY000447,58,4,7231,2020-11-15
PAY000448,58,4,7250,2020-12-15
PAY000449,58,4,7270,2021-01-15
PAY000450,58,4,8611,2021-02-15
PAY000451,58,4,7691,2021-03-15
PAY000452,58,4,8731,2021-04-15
PAY000453,58,1,156,2020-08-23
PAY000454,58,2,47,2020-08-14
PAY000455,59,4,8418,2020-08-15
PAY000456,59,4,7821,2020-09-15
PAY000457,59,4,8672,2020-10-15
PAY000458,59,4,7644,2020-11-15
PAY000459,59,4,8298,2020-12-15
PAY000460,59,4,8796,2021-01-15
PAY000461,59,4,7551,2021-02-15
PAY000462,59,4,8457,2021-03-15
PAY000463,59,4,8471,2021-04-15
PAY000464,59,1,141,2020-08-15
PAY000465,60,4,7351,2020-08-15
PAY000466,60,4,8048,2020-09-15
PAY000467,60,4,7585,2020-10-15
PAY000468,60,4,8415,2020-11-15
PAY000469,60,4,7693,2020-12-15
PAY000470,60,4,8752,2021-01-15
PAY000471,60,4,7298,2021-02-15
PAY000472,60,4,7720,2021-03-15
PAY000473,60,4,8547,2021-04-15
PAY000474,60,1,153,2020-08-24
PAY000475,60,2,47,2020-08-14
PAY000476,62,4,7255,2020-08-15
PAY000477,62,4,8761,2020-09-15
PAY000478,62,4,7525,2020-10-15
PAY000479,62,4,8488,2020-11-15
PAY000480,62,4,7417,2020-12-15
PAY000481,62,4,7312,2021-01-15
PAY000482,62,4,8691,2021-02-15
PAY000483,62,4,7832,2021-03-15
PAY000484,62,4,7316,2021-04-15
PAY000485,62,1,145,2020-08-24
PAY000486,62,2,49,2020-08-22
PAY000487,63,4,7710,2020-08-15
PAY000488,63,4,7534,2020-09-15
PAY000489,63,4,8408,2020-10-15
PAY000490,63,4,8642,2020-11-15
PAY000491,63,4,8704,2020-12-15
PAY000492,63,4,7596,2021-01-15
PAY000493,63,4,8260,2021-02-15
PAY000494,63,4,8227,2021-03-15
PAY000495,63,4,8457,2021-04-15
PAY000496,63,2,49,2020-08-23
PAY000497,64,4,7291,2020-08-15
PAY000498,64,4,8596,2020-09-15
PAY000499,64,4,8711,2020-10-15
PAY000500,64,4,8033,2020-11-15
PAY000501,64,4,8444,2020-12-15
PAY000502,64,4,7235,2021-01-15
PAY000503,64,4,7785,2021-02-15
PAY000504,64,4,7374,2021-03-15
PAY000505,64,4,7990,2021-04-15
PAY000506,64,4,8261,2021-05-15
PAY000507,64,4,8230,2021-06-15
PAY000508,64,4,7385,2021-07-15
PAY000509,64,1,137,2020-08-12
PAY000510,64,2,45,2020-08-13
PAY000511,66,4,7434,2020-08-15
PAY000512,66,4,8681,2020-09-15
PAY000513,66,4,7780,2020-10-15
PAY000514,66,4,8254,2020-11-15
PAY000515,66,4,8627,2020-12-15
PAY000516,66,4,8183,2021-01-15
PAY000517,66,4,8213,2021-02-15
PAY000518,66,4,8497,2021-03-15
PAY000519,66,4,7728,2021-04-15
PAY000520,66,1,155,2020-08-25
PAY000521,66,2,50,2020-08-28
PAY000522,68,4,7911,2020-08-15
PAY000523,68,4,8027,2020-09-15
PAY000524,68,4,7268,2020-10-15
PAY000525,68,4,7956,2020-11-15
PAY000526,68,4,7667,2020-12-15
PAY000527,68,4,8565,2021-01-15
PAY000528,68,4,8532,2021-02-15
PAY000529,68,4,8703,2021-03-15
PAY000530,68,4,8510,2021-04-15
PAY000531,68,1,137,2020-08-24
PAY000532,68,2,47,2020-08-20
PAY000533,69,4,7445,2020-08-15
PAY000534,69,2,54,2020-08-28
PAY000535,70,4,7541,2020-08-15
PAY000536,70,4,8317,2020-09-15
PAY000537,70,4,7443,2020-10-15
PAY000538,70,4,7787,2020-11-15
PAY000539,70,4,7478,2020-12-15
PAY000540,70,4,8694,2021-01-15
PAY000541,70,4,8124,2021-02-15
PAY000542,70,4,8464,2021-03-15
PAY000543,70,4,7905,2021-04-15
PAY000544,70,1,139,2020-08-27
PAY000545,70,2,50,2020-08-23
PAY000546,71,4,8395,2020-08-15
PAY000547,71,4,8748,2020-09-15
PAY000548,71,4,8299,2020-10-15
PAY000549,71,4,7566,2020-11-15
PAY000550,71,4,8083,2020-12-15
PAY000551,71,4,7742,2021-01-15
PAY000552,71,4,7943,2021-02-15
PAY000553,71,4,7834,2021-03-15
PAY000554,71,4,7746,2021-04-15
PAY000555,71,1,147,2020-08-16
PAY000556,71,2,54,2020-08-30
PAY000557,72,4,8463,2020-08-15
PAY000558,72,4,8510,2020-09-15
PAY000559,72,4,7206,2020-10-15
PAY000560,72,4,7475,2020-11-15
PAY000561,72,4,8791,2020-12-15
PAY000562,72,4,8550,2021-01-15
PAY000563,72,4,7364,2021-02-15
PAY000564,72,4,7604,2021-03-15
PAY000565,72,4,7615,2021-04-15
PAY000566,72,2,46,2020-08-22
PAY000567,74,4,8520,2020-08-15
PAY000568,74,1,150,2020-08-23
PAY000569,74,2,50,2020-08-23
PAY000570,75,4,8090,2020-08-15
PAY000571,75,4,7445,2020-09-15
PAY000572,75,4,8623,2020-10-15
PAY000573,75,4,8697,2020-11-15
PAY000574,75,4,7816,2020-12-15
PAY000575,75,4,8159,2021-01-15
PAY000576,75,4,8059,2021-02-15
PAY000577,75,4,7401,2021-03-15
PAY000578,75,4,7879,2021-04-15
PAY000579,75,4,7610,2021-05-15
PAY000580,75,4,7405,2021-06-15
PAY000581,75,4,7586,2021-07-15
PAY000582,75,1,155,2020-08-17
PAY000583,76,4,8267,2020-08-15
PAY000584,76,4,8410,2020-09-15
PAY000585,76,4,7831,2020-10-15
PAY000586,76,4,8142,2020-11-15
PAY000587,76,4,7768,2020-12-15
PAY000588,76,4,8683,2021-01-15
PAY000589,76,4,7241,2021-02-15
PAY000590,76,4,8103,2021-03-15
PAY000591,76,4,8146,2021-04-15
PAY000592,76,4,7212,2021-05-15
PAY000593,76,4,7895,2021-06-15
PAY000594,76,4,8769,2021-07-15
PAY000595,76,1,137,2020-08-30
PAY000596,76,2,52,2020-08-16
PAY000597,77,4,7409,2020-08-15
PAY000598,77,4,7994,2020-09-15
PAY000599,77,4,7794,2020-10-15
PAY000600,77,4,8202,2020-11-15
PAY000601,77,4,8598,2020-12-15
PAY000602,77,4,8476,2021-01-15
PAY000603,77,4,7492,2021-02-15
PAY000604,77,4,8726,2021-03-15
PAY000605,77,4,7674,2021-04-15
PAY000606,77,1,162,2020-08-12
PAY000607,77,2,52,2020-08-27
PAY000608,78,4,7591,2020-08-15
PAY000609,78,4,7487,2020-09-15
PAY000610,78,4,8065,2020-10-15
PAY000611,78,4,7448,2020-11-15
PAY000612,78,4,8771,2020-12-15
PAY000613,78,4,7736,2021-01-15
PAY000614,78,4,8413,2021-02-15
PAY000615,78,4,8095,2021-03-15
PAY000616,78,4,7814,2021-04-15
PAY000617,78,4,8224,2021-05-15
PAY000618,78,4,7901,2021-06-15
PAY000619,78,4,7433,2021-07-15
PAY000620,78,1,158,2020-08-18
PAY000621,78,2,54,2020-08-25
PAY000622,79,4,8716,2020-08-15
PAY000623,79,4,8718,2020-09-15
PAY000624,79,4,8431,2020-10-15
PAY000625,79,4,8050,2020-11-15
PAY000626,79,4,7251,2020-12-15
PAY000627,79,4,7596,2021-01-15
PAY000628,79,4,7359,2021-02-15
PAY000629,79,4,8255,2021-03-15
PAY000630,79,4,8668,2021-04-15
PAY000631,79,4,7347,2021-05-15
PAY000632,79,4,8116,2021-06-15
PAY000633,79,4,7961,2021-07-15
PAY000634,79,1,143,2020-08-20
PAY000635,79,2,48,2020-08-22
PAY000636,81,4,7331,2020-08-15
PAY000637,81,4,8378,2020-09-15
PAY000638,81,4,8071,2020-10-15
PAY000639,81,4,7361,2020-11-15
PAY000640,81,4,8118,2020-12-15
PAY000641,81,4,8732,2021-01-15
PAY000642,81,4,8730,2021-02-15
PAY000643,81,4,8364,2021-03-15
PAY000644,81,4,7967,2021-04-15
PAY000645,81,1,142,2020-08-24
PAY000646,81,2,52,2020-08-22
PAY000647,82,4,7987,2020-08-15
PAY000648,82,4,7886,2020-09-15
PAY000649,82,4,7526,2020-10-15
PAY000650,82,4,8290,2020-11-15
PAY000651,82,4,8641,2020-12-15
PAY000652,82,4,8740,2021-01-15
PAY000653,82,4,7699,2021-02-15
PAY000654,82,4,8330,2021-03-15
PAY000655,82,4,7859,2021-04-15
PAY000656,82,4,7273,2021-05-15
PAY000657,82,4,7917,2021-06-15
PAY000658,82,4,7436,2021-07-15
PAY000659,82,2,54,2020-08-16
PAY000660,83,4,7997,2020-08-15
PAY000661,83,1,153,2020-08-23
PAY000662,85,4,8419,2020-08-15
PAY000663,85,4,8603,2020-09-15
PAY000664,85,4,7917,2020-10-15
PAY000665,85,4,8752,2020-11-15
PAY000666,85,4,7820,2020-12-15
PAY000667,85,4,8449,2021-01-15
PAY000668,85,4,8681,2021-02-15
PAY000669,85,4,7398,2021-03-15
PAY000670,85,4,8124,2021-04-15
PAY000671,85,1,150,2020-08-27
PAY000672,85,2,47,2020-08-10
PAY000673,87,4,8676,2020-08-15
PAY000674,87,4,8367,2020-09-15
PAY000675,87,4,7760,2020-10-15
PAY000676,87,4,8796,2020-11-15
PAY000677,87,4,8183,2020-12-15
PAY000678,87,4,7385,2021-01-15
PAY000679,87,4,7908,2021-02-15
PAY000680,87,4,8755,2021-03-15
PAY000681,87,4,7749,2021-04-15
PAY000682,87,1,160,2020-08-24
PAY000683,87,2,48,2020-08-10
PAY000684,89,4,7657,2020-08-15
PAY000685,89,1,154,2020-08-18
PAY000686,90,4,8092,2020-08-15
PAY000687,90,4,8607,2020-09-15
PAY000688,90,4,7256,2020-10-15
PAY000689,90,4,7822,2020-11-15
PAY000690,90,4,7653,2020-12-15
PAY000691,90,4,7962,2021-01-15
PAY000692,90,4,7340,2021-02-15
PAY000693,90,4,8673,2021-03-15
PAY000694,90,4,8048,2021-04-15
PAY000695,90,1,139,2020-08-26
PAY000696,92,4,7388,2020-08-15
PAY000697,92,4,7342,2020-09-15
PAY000698,92,4,8622,2020-10-15
PAY000699,92,4,7463,2020-11-15
PAY000700,92,4,8256,2020-12-15
PAY000701,92,4,7896,2021-01-15
PAY000702,92,4,8029,2021-02-15
PAY000703,92,4,8777,2021-03-15
PAY000704,92,4,8126,2021-04-15
PAY000705,92,1,138,2020-08-16
PAY000706,94,4,7501,2020-08-15
PAY000707,94,4,7817,2020-09-15
PAY000708,94,4,8400,2020-10-15
PAY000709,94,4,7491,2020-11-15
PAY000710,94,4,7944,2020-12-15
PAY000711,94,4,8006,2021-01-15
PAY000712,94,4,8765,2021-02-15
PAY000713,94,4,8198,2021-03-15
PAY000714,94,4,7695,2021-04-15
PAY000715,94,1,135,2020-08-27
PAY000716,94,2,51,2020-08-30
PAY000717,95,4,7876,2020-08-15
PAY000718,95,4,7384,2020-09-15
PAY000719,95,4,8675,2020-10-15
PAY000720,95,4,7660,2020-11-15
PAY000721,95,4,8073,2020-12-15
PAY000722,95,4,8715,2021-01-15
PAY000723,95,4,8690,2021-02-15
PAY000724,95,4,8218,2021-03-15
PAY000725,95,4,7922,2021-04-15
PAY000726,95,4,7672,2021-05-15
PAY000727,95,4,7450,2021-06-15
PAY000728,95,4,8028,2021-07-15
PAY000729,95,1,159,2020-08-20
PAY000730,97,4,8123,2020-08-15
PAY000731,97,4,8010,2020-09-15
PAY000732,97,4,8504,2020-10-15
PAY000733,97,4,8577,2020-11-15
PAY000734,97,4,7899,2020-12-15
PAY000735,97,4,8235,2021-01-15
PAY000736,97,4,8065,2021-02-15
PAY000737,97,4,7730,2021-03-15
PAY000738,97,4,8242,2021-04-15
PAY000739,97,1,149,2020-08-18
PAY000740,97,2,47,2020-08-17
PAY000741,98,4,7304,2020-08-15
PAY000742,98,4,8254,2020-09-15
PAY000743,98,4,7918,2020-10-15
PAY000744,98,4,8668,2020-11-15
PAY000745,98,4,7563,2020-12-15
PAY000746,98,4,7388,2021-01-15
PAY000747,98,4,8682,2021-02-15
PAY000748,98,4,7473,2021-03-15
PAY000749,98,4,7479,2021-04-15
PAY000750,98,1,164,2020-08-14
PAY000751,98,2,49,2020-08-27
PAY000752,99,4,8209,2020-08-15
PAY000753,99,4,8194,2020-09-15
PAY000754,99,4,7940,2020-10-15
PAY000755,99,4,8153,2020-11-15
PAY000756,99,4,7222,2020-12-15
PAY000757,99,4,8376,2021-01-15
PAY000758,99,4,7204,2021-02-15
PAY000759,99,4,8414,2021-03-15
PAY000760,99,4,8609,2021-04-15
PAY000761,99,4,7838,2021-05-15
PAY000762,99,4,7809,2021-06-15
PAY000763,99,4,7782,2021-07-15
PAY000764,99,2,45,2020-08-28
PAY000765,100,4,7995,2020-08-15
PAY000766,100,4,7674,2020-09-15
PAY000767,100,4,8771,2020-10-15
PAY000768,100,4,7790,2020-11-15
PAY000769,100,4,8624,2020-12-15
PAY000770,100,4,7593,2021-01-15
PAY000771,100,4,8395,2021-02-15
PAY000772,100,4,7645,2021-03-15
PAY000773,100,4,7722,2021-04-15
PAY000774,100,2,50,2020-08-25
PAY000775,101,4,8288,2020-08-15
PAY000776,101,1,160,2020-08-30
PAY000777,103,4,7225,2020-08-15
PAY000778,103,4,8586,2020-09-15
PAY000779,103,4,8516,2020-10-15
PAY000780,103,4,8006,2020-11-15
PAY000781,103,4,8159,2020-12-15
PAY000782,103,4,8662,2021-01-15
PAY000783,103,4,8222,2021-02-15
PAY000784,103,4,8738,2021-03-15
PAY000785,103,4,7825,2021-04-15
PAY000786,103,1,144,2020-08-11
PAY000787,103,2,54,2020-08-22
PAY000788,104,4,7759,2020-08-15
PAY000789,104,4,7817,2020-09-15
PAY000790,104,4,7988,2020-10-15
PAY000791,104,4,8179,2020-11-15
PAY000792,104,4,8264,2020-12-15
PAY000793,104,4,7630,2021-01-15
PAY000794,104,4,8340,2021-02-15
PAY000795,104,4,8215,2021-03-15
PAY000796,104,4,7205,2021-04-15
PAY000797,104,1,154,2020-08-13
PAY000798,105,4,7933,2020-08-15
PAY000799,105,1,149,2020-08-17
PAY000800,105,2,46,2020-08-11
PAY000801,106,4,7872,2020-08-15
PAY000802,106,4,7443,2020-09-15
PAY000803,106,4,8669,2020-10-15
PAY000804,106,4,8204,2020-11-15
PAY000805,106,4,7528,2020-12-15
PAY000806,106,4,8378,2021-01-15
PAY000807,106,4,8484,2021-02-15
PAY000808,106,4,8484,2021-03-15
PAY000809,106,4,7467,2021-04-15
PAY000810,106,1,161,2020-08-28
PAY000811,106,2,45,2020-08-20
PAY000812,107,4,8756,2020-08-15
PAY000813,107,4,7495,2020-09-15
PAY000814,107,4,8691,2020-10-15
PAY000815,107,4,7793,2020-11-15
PAY000816,107,4,7301,2020-12-15
PAY000817,107,4,7298,2021-01-15
PAY000818,107,4,8546,2021-02-15
PAY000819,107,4,8740,2021-03-15
PAY000820,107,4,7994,2021-04-15
PAY000821,107,1,150,2020-08-16
PAY000822,107,2,46,2020-08-25
PAY000823,109,4,7265,2020-08-15
PAY000824,109,4,8503,2020-09-15
PAY000825,109,4,7248,2020-10-15
PAY000826,109,4,7675,2020-11-15
PAY000827,109,4,8373,2020-12-15
PAY000828,109,4,8459,2021-01-15
PAY000829,109,4,7217,2021-02-15
PAY000830,109,4,8140,2021-03-15
PAY000831,109,4,7656,2021-04-15
PAY000832,109,1,158,2020-08-13
PAY000833,109,2,48,2020-08-19
PAY000834,110,4,7951,2020-08-15
PAY000835,110,4,8473,2020-09-15
PAY000836,110,4,7384,2020-10-15
PAY000837,110,4,8395,2020-11-15
PAY000838,110,4,7404,2020-12-15
PAY000839,110,4,8329,2021-01-15
PAY000840,110,4,7474,2021-02-15
PAY000841,110,4,7496,2021-03-15
PAY000842,110,4,8174,2021-04-15
PAY000843,110,1,143,2020-08-30
PAY000844,110,2,51,2020-08-20
PAY000845,111,4,8163,2020-08-15
PAY000846,111,4,7890,2020-09-15
PAY000847,111,4,8453,2020-10-15
PAY000848,111,4,8279,2020-11-15
PAY000849,111,4,8356,2020-12-15
PAY000850,111,4,7557,2021-01-15
PAY000851,111,4,8394,2021-02-15
PAY000852,111,4,7435,2021-03-15
PAY000853,111,4,7470,2021-04-15
PAY000854,111,1,145,2020-08-19
PAY000855,111,2,48,2020-08-11
PAY000856,112,4,7371,2020-08-15
PAY000857,112,4,8269,2020-09-15
PAY000858,112,4,8585,2020-10-15
PAY000859,112,4,8039,2020-11-15
PAY000860,112,4,7291,2020-12-15
PAY000861,112,4,8407,2021-01-15
PAY000862,112,4,7273,2021-02-15
PAY000863,112,4,7397,2021-03-15
PAY000864,112,4,7956,2021-04-15
PAY000865,112,1,148,2020-08-11
PAY000866,113,4,7819,2020-08-15
PAY000867,113,4,7845,2020-09-15
PAY000868,113,4,7840,2020-10-15
PAY000869,113,4,7510,2020-11-15
PAY000870,113,4,7772,2020-12-15
PAY000871,113,4,8050,2021-01-15
PAY000872,113,4,7408,2021-02-15
PAY000873,113,4,7932,2021-03-15
PAY000874,113,4,8150,2021-04-15
PAY000875,113,1,146,2020-08-20
PAY000876,113,2,49,2020-08-28
PAY000877,115,4,8478,2020-08-15
PAY000878,115,4,7467,2020-09-15
PAY000879,115,4,7984,2020-10-15
PAY000880,115,4,7278,2020-11-15
PAY000881,115,4,7628,2020-12-15
PAY000882,115,4,7583,2021-01-15
PAY000883,115,4,7335,2021-02-15
PAY000884,115,4,7487,2021-03-15
PAY000885,115,4,8021,2021-04-15
PAY000886,115,2,54,2020-08-28
PAY000887,116,4,8404,2020-08-15
PAY000888,116,4,8488,2020-09-15
PAY000889,116,4,7533,2020-10-15
PAY000890,116,4,8317,2020-11-15
PAY000891,116,4,7928,2020-12-15
PAY000892,116,4,8476,2021-01-15
PAY000893,116,4,7311,2021-02-15
PAY000894,116,4,7869,2021-03-15
PAY000895,116,4,8495,2021-04-15
PAY000896,116,4,7212,2021-05-15
PAY000897,116,4,8761,2021-06-15
PAY000898,116,4,8553,2021-07-15
PAY000899,116,2,52,2020-08-14
PAY000900,117,4,7598,2020-08-15
PAY000901,117,4,7601,2020-09-15
PAY000902,117,4,8058,2020-10-15
PAY000903,117,4,7502,2020-11-15
PAY000904,117,4,8763,2020-12-15
PAY000905,117,4,8095,2021-01-15
PAY000906,117,4,8687,2021-02-15
PAY000907,117,4,7802,2021-03-15
PAY000908,117,4,8504,2021-04-15
PAY000909,117,1,145,2020-08-29
PAY000910,117,2,51,2020-08-23
PAY000911,118,4,7599,2020-08-15
PAY000912,118,4,7928,2020-09-15
PAY000913,118,4,7250,2020-10-15
PAY000914,118,4,8322,2020-11-15
PAY000915,118,4,8671,2020-12-15
PAY000916,118,4,7898,2021-01-15
PAY000917,118,4,8166,2021-02-15
PAY000918,118,4,8413,2021-03-15
PAY000919,118,4,8033,2021-04-15
PAY000920,118,1,142,2020-08-20
PAY000921,118,2,52,2020-08-20
PAY000922,119,4,7374,2020-08-15
PAY000923,119,4,7806,2020-09-15
PAY000924,119,4,7240,2020-10-15
PAY000925,119,4,7337,2020-11-15
PAY000926,119,4,7225,2020-12-15
PAY000927,119,4,8272,2021-01-15
PAY000928,119,4,7735,2021-02-15
PAY000929,119,4,8203,2021-03-15
PAY000930,119,4,8532,2021-04-15
PAY000931,119,1,143,2020-08-29
PAY000932,119,2,46,2020-08-16
PAY000933,120,4,8287,2020-08-15
PAY000934,120,4,8246,2020-09-15
PAY000935,120,4,7841,2020-10-15
PAY000936,120,4,7344,2020-11-15
PAY000937,120,4,8633,2020-12-15
PAY000938,120,4,8785,2021-01-15
PAY000939,120,4,7884,2021-02-15
PAY000940,120,4,7772,2021-03-15
PAY000941,120,4,7558,2021-04-15
PAY000942,120,4,8117,2021-05-15
PAY000943,120,4,7507,2021-06-15
PAY000944,120,4,8399,2021-07-15
PAY000945,120,2,48,2020-08-13
PAY000946,121,4,8396,2020-08-15
PAY000947,121,4,8588,2020-09-15
PAY000948,121,4,7485,2020-10-15
PAY000949,121,4,7256,2020-11-15
PAY000950,121,4,8096,2020-12-15
PAY000951,121,4,7975,2021-01-15
PAY000952,121,4,7520,2021-02-15
PAY000953,121,4,7560,2021-03-15
PAY000954,121,4,8459,2021-04-15
PAY000955,121,1,135,2020-08-29
PAY000956,121,2,48,2020-08-17
PAY000957,122,4,8588,2020-08-15
PAY000958,122,4,7572,2020-09-15
PAY000959,122,4,7507,2020-10-15
PAY000960,122,4,7621,2020-11-15
PAY000961,122,4,7539,2020-12-15
PAY000962,122,4,7927,2021-01-15
PAY000963,122,4,8142,2021-02-15
PAY000964,122,4,8688,2021-03-15
PAY000965,122,4,8541,2021-04-15
PAY000966,122,2,54,2020-08-24
PAY000967,124,4,7325,2020-08-15
PAY000968,124,4,8297,2020-09-15
PAY000969,124,4,7827,2020-10-15
PAY000970,124,4,8767,2020-11-15
PAY000971,124,4,7860,2020-12-15
PAY000972,124,4,7888,2021-01-15
PAY000973,124,4,8129,2021-02-15
PAY000974,124,4,8084,2021-03-15
PAY000975,124,4,8785,2021-04-15
PAY000976,124,1,153,2020-08-10
PAY000977,124,2,54,2020-08-11
PAY000978,125,4,8409,2020-08-15
PAY000979,125,4,8658,2020-09-15
PAY000980,125,4,7223,2020-10-15
PAY000981,125,4,8442,2020-11-15
PAY000982,125,4,7351,2020-12-15
PAY000983,125,4,8588,2021-01-15
PAY000984,125,4,8374,2021-02-15
PAY000985,125,4,7772,2021-03-15
PAY000986,125,4,8617,2021-04-15
PAY000987,125,1,163,2020-08-14
PAY000988,127,4,8639,2020-08-15
PAY000989,127,4,8578,2020-09-15
PAY000990,127,4,8650,2020-10-15
PAY000991,127,4,8549,2020-11-15
PAY000992,127,4,7798,2020-12-15
PAY000993,127,4,8184,2021-01-15
PAY000994,127,4,8136,2021-02-15
PAY000995,127,4,8386,2021-03-15
PAY000996,127,4,7998,2021-04-15
PAY000997,127,4,7967,2021-05-15
PAY000998,127,4,7801,2021-06-15
PAY000999,127,4,7451,2021-07-15
PAY001000,127,1,137,2020-08-25
PAY001001,127,2,48,2020-08-20
PAY001002,128,4,8695,2020-08-15
PAY001003,128,4,7908,2020-09-15
PAY001004,128,4,8468,2020-10-15
PAY001005,128,4,7483,2020-11-15
PAY001006,128,4,7413,2020-12-15
PAY001007,128,4,7641,2021-01-15
PAY001008,128,4,7649,2021-02-15
PAY001009,128,4,7485,2021-03-15
PAY001010,128,4,7271,2021-04-15
PAY001011,128,1,144,2020-08-27
PAY001012,129,4,7787,2020-08-15
PAY001013,129,4,7507,2020-09-15
PAY001014,129,4,7239,2020-10-15
PAY001015,129,4,8175,2020-11-15
PAY001016,129,4,7471,2020-12-15
PAY001017,129,4,7449,2021-01-15
PAY001018,129,4,7979,2021-02-15
PAY001019,129,4,8689,2021-03-15
PAY001020,129,4,8427,2021-04-15
PAY001021,129,1,141,2020-08-26
PAY001022,131,4,7905,2020-08-15
PAY001023,131,4,8140,2020-09-15
PAY001024,131,4,8678,2020-10-15
PAY001025,131,4,8604,2020-11-15
PAY001026,131,4,8559,2020-12-15
PAY001027,131,4,8396,2021-01-15
PAY001028,131,4,7320,2021-02-15
PAY001029,131,4,7756,2021-03-15
PAY001030,131,4,8309,2021-04-15
PAY001031,131,4,7680,2021-05-15
PAY001032,131,4,7892,2021-06-15
PAY001033,131,4,7318,2021-07-15
PAY001034,131,1,140,2020-08-23
PAY001035,133,4,8671,2020-08-15
PAY001036,133,4,7359,2020-09-15
PAY001037,133,4,7847,2020-10-15
PAY001038,133,4,8477,2020-11-15
PAY001039,133,4,8659,2020-12-15
PAY001040,133,4,8363,2021-01-15
PAY001041,133,4,8065,2021-02-15
PAY001042,133,4,8523,2021-03-15
PAY001043,133,4,7291,2021-04-15
PAY001044,133,4,7666,2021-05-15
PAY001045,133,4,7685,2021-06-15
PAY001046,133,4,8037,2021-07-15
PAY001047,133,1,147,2020-08-28
PAY001048,133,2,48,2020-08-30
PAY001049,135,4,8533,2020-08-15
PAY001050,135,4,7243,2020-09-15
PAY001051,135,4,7469,2020-10-15
PAY001052,135,4,7271,2020-11-15
PAY001053,135,4,7343,2020-12-15
PAY001054,135,4,8587,2021-01-15
PAY001055,135,4,8247,2021-02-15
PAY001056,135,4,7845,2021-03-15
PAY001057,135,4,8537,2021-04-15
PAY001058,135,2,51,2020-08-26
PAY001059,137,4,8101,2020-08-15
PAY001060,137,4,8580,2020-09-15
PAY001061,137,4,8022,2020-10-15
PAY001062,137,4,8707,2020-11-15
PAY001063,137,4,8344,2020-12-15
PAY001064,137,4,8231,2021-01-15
PAY001065,137,4,8072,2021-02-15
PAY001066,137,4,7934,2021-03-15
PAY001067,137,4,7381,2021-04-15
PAY001068,137,1,159,2020-08-21
PAY001069,137,2,47,2020-08-13
PAY001070,138,4,7876,2020-08-15
PAY001071,138,4,8450,2020-09-15
PAY001072,138,4,7446,2020-10-15
PAY001073,138,4,7945,2020-11-15
PAY001074,138,4,7563,2020-12-15
PAY001075,138,4,7539,2021-01-15
PAY001076,138,4,7730,2021-02-15
PAY001077,138,4,8616,2021-03-15
PAY001078,138,4,8294,2021-04-15
PAY001079,138,1,163,2020-08-29
PAY001080,138,2,50,2020-08-27
PAY001081,140,4,7777,2020-08-15
PAY001082,140,4,7751,2020-09-15
PAY001083,140,4,7856,2020-10-15
PAY001084,140,4,7910,2020-11-15
PAY001085,140,4,7939,2020-12-15
PAY001086,140,4,7227,2021-01-15
PAY001087,140,4,7603,2021-02-15
PAY001088,140,4,7459,2021-03-15
PAY001089,140,4,7420,2021-04-15
PAY001090,140,1,144,2020-08-15
PAY001091,140,2,54,2020-08-17
PAY001092,142,4,8552,2020-08-15
PAY001093,142,4,7607,2020-09-15
PAY001094,142,4,8070,2020-10-15
PAY001095,142,4,7349,2020-11-15
PAY001096,142,4,8739,2020-12-15
PAY001097,142,4,7712,2021-01-15
PAY001098,142,4,8444,2021-02-15
PAY001099,142,4,7486,2021-03-15
PAY001100,142,4,8554,2021-04-15
PAY001101,142,4,7555,2021-05-15
PAY001102,142,4,8423,2021-06-15
PAY001103,142,4,8322,2021-07-15
PAY001104,142,1,152,2020-08-18
PAY001105,142,2,46,2020-08-26
PAY001106,143,4,8398,2020-08-15
PAY001107,143,4,7351,2020-09-15
PAY001108,143,4,7467,2020-10-15
PAY001109,143,4,7662,2020-11-15
PAY001110,143,4,7428,2020-12-15
PAY001111,143,4,7490,2021-01-15
PAY001112,143,4,8155,2021-02-15
PAY001113,143,4,7468,2021-03-15
PAY001114,143,4,8436,2021-04-15
PAY001115,143,1,145,2020-08-14
PAY001116,143,2,50,2020-08-12
PAY001117,144,4,8095,2020-08-15
PAY001118,144,4,7951,2020-09-15
PAY001119,144,4,7481,2020-10-15
PAY001120,144,4,7791,2020-11-15
PAY001121,144,4,8031,2020-12-15
PAY001122,144,4,8331,2021-01-15
PAY001123,144,4,8376,2021-02-15
PAY001124,144,4,8113,2021-03-15
PAY001125,144,4,7845,2021-04-15
PAY001126,144,1,140,2020-08-17
PAY001127,144,2,54,2020-08-29
PAY001128,145,4,7618,2020-08-15
PAY001129,145,4,8178,2020-09-15
PAY001130,145,4,7478,2020-10-15
PAY001131,145,4,7628,2020-11-15
PAY001132,145,4,7447,2020-12-15
PAY001133,145,4,7844,2021-01-15
PAY001134,145,4,8076,2021-02-15
PAY001135,145,4,8386,2021-03-15
PAY001136,145,4,8366,2021-04-15
PAY001137,145,1,154,2020-08-28
PAY001138,146,4,7440,2020-08-15
PAY001139,146,4,7310,2020-09-15
PAY001140,146,4,8001,2020-10-15
PAY001141,146,4,8746,2020-11-15
PAY001142,146,4,7876,2020-12-15
PAY001143,146,4,7970,2021-01-15
PAY001144,146,4,8732,2021-02-15
PAY001145,146,4,8490,2021-03-15
PAY001146,146,4,8471,2021-04-15
PAY001147,146,1,156,2020-08-30
PAY001148,146,2,45,2020-08-10
PAY001149,148,4,8066,2020-08-15
PAY001150,148,4,7758,2020-09-15
PAY001151,148,4,8523,2020-10-15
PAY001152,148,4,7258,2020-11-15
PAY001153,148,4,7835,2020-12-15
PAY001154,148,4,8369,2021-01-15
PAY001155,148,4,8622,2021-02-15
PAY001156,148,4,8487,2021-03-15
PAY001157,148,4,7284,2021-04-15
PAY001158,148,4,7294,2021-05-15
PAY001159,148,4,8763,2021-06-15
PAY001160,148,4,8684,2021-07-15
PAY001161,148,1,163,2020-08-18
PAY001162,148,2,54,2020-08-16
PAY001163,149,4,7619,2020-08-15
PAY001164,149,4,8686,2020-09-15
PAY001165,149,4,8629,2020-10-15
PAY001166,149,4,7292,2020-11-15
PAY001167,149,4,8780,2020-12-15
PAY001168,149,4,8416,2021-01-15
PAY001169,149,4,8128,2021-02-15
PAY001170,149,4,8343,2021-03-15
PAY001171,149,4,8785,2021-04-15
PAY001172,149,1,147,2020-08-24
PAY001173,149,2,49,2020-08-11
PAY001174,150,4,8783,2020-08-15
PAY001175,150,4,8005,2020-09-15
PAY001176,150,4,7612,2020-10-15
PAY001177,150,4,8142,2020-11-15
PAY001178,150,4,8676,2020-12-15
PAY001179,150,4,7993,2021-01-15
PAY001180,150,4,7252,2021-02-15
PAY001181,150,4,8463,2021-03-15
PAY001182,150,4,7253,2021-04-15
PAY001183,150,1,154,2020-08-29
PAY001184,150,2,54,2020-08-15
PAY001185,151,4,8587,2020-08-15
PAY001186,151,4,7692,2020-09-15
PAY001187,151,4,7752,2020-10-15
PAY001188,151,4,8088,2020-11-15
PAY001189,151,4,7213,2020-12-15
PAY001190,151,4,7944,2021-01-15
PAY001191,151,4,7553,2021-02-15
PAY001192,151,4,8712,2021-03-15
PAY001193,151,4,8087,2021-04-15
PAY001194,151,4,7529,2021-05-15
PAY001195,151,4,8573,2021-06-15
PAY001196,151,4,8691,2021-07-15
PAY001197,151,1,139,2020-08-22
PAY001198,151,2,54,2020-08-15
PAY001199,152,4,7463,2020-08-15
PAY001200,152,4,8558,2020-09-15
PAY001201,152,4,8289,2020-10-15
PAY001202,152,4,8293,2020-11-15
PAY001203,152,4,8540,2020-12-15
PAY001204,152,4,8012,2021-01-15
PAY001205,152,4,7657,2021-02-15
PAY001206,152,4,7643,2021-03-15
PAY001207,152,4,8530,2021-04-15
PAY001208,152,4,7690,2021-05-15
PAY001209,152,4,7255,2021-06-15
PAY001210,152,4,7508,2021-07-15
PAY001211,152,1,137,2020-08-29
PAY001212,152,2,51,2020-08-10
PAY001213,154,4,8727,2020-08-15
PAY001214,154,4,7257,2020-09-15
PAY001215,154,4,8686,2020-10-15
PAY001216,154,4,7645,2020-11-15
PAY001217,154,4,7815,2020-12-15
PAY001218,154,4,8340,2021-01-15
PAY001219,154,4,7202,2021-02-15
PAY001220,154,4,7665,2021-03-15
PAY001221,154,4,8650,2021-04-15
PAY001222,154,1,137,2020-08-16
PAY001223,156,4,8394,2020-08-15
PAY001224,156,4,7315,2020-09-15
PAY001225,156,4,7882,2020-10-15
PAY001226,156,4,8476,2020-11-15
PAY001227,156,4,8198,2020-12-15
PAY001228,156,4,7797,2021-01-15
PAY001229,156,4,7748,2021-02-15
PAY001230,156,4,7258,2021-03-15
PAY001231,156,4,7892,2021-04-15
PAY001232,156,4,7474,2021-05-15
PAY001233,156,4,7819,2021-06-15
PAY001234,156,4,8649,2021-07-15
PAY001235,156,1,145,2020-08-30
PAY001236,156,2,53,2020-08-29
PAY001237,157,4,7444,2020-08-15
PAY001238,157,4,8680,2020-09-15
PAY001239,157,4,8080,2020-10-15
PAY001240,157,4,7368,2020-11-15
PAY001241,157,4,8613,2020-12-15
PAY001242,157,4,8068,2021-01-15
PAY001243,157,4,8041,2021-02-15
PAY001244,157,4,7835,2021-03-15
PAY001245,157,4,8296,2021-04-15
PAY001246,157,4,8285,2021-05-15
PAY001247,157,4,7582,2021-06-15
PAY001248,157,4,7361,2021-07-15
PAY001249,157,1,141,2020-08-22
PAY001250,157,2,46,2020-08-19
PAY001251,158,4,8279,2020-08-15
PAY001252,158,4,8206,2020-09-15
PAY001253,158,4,7878,2020-10-15
PAY001254,158,4,7233,2020-11-15
PAY001255,158,4,8114,2020-12-15
PAY001256,158,4,7554,2021-01-15
PAY001257,158,4,7257,2021-02-15
PAY001258,158,4,8654,2021-03-15
PAY001259,158,4,8643,2021-04-15
PAY001260,158,1,156,2020-08-23
PAY001261,158,2,48,2020-08-28
PAY001262,159,4,7931,2020-08-15
PAY001263,159,4,7600,2020-09-15
PAY001264,159,4,8333,2020-10-15
PAY001265,159,4,8696,2020-11-15
PAY001266,159,4,7439,2020-12-15
PAY001267,159,4,8422,2021-01-15
PAY001268,159,4,7617,2021-02-15
PAY001269,159,4,7647,2021-03-15
PAY001270,159,4,7561,2021-04-15
PAY001271,159,1,150,2020-08-19
PAY001272,159,2,50,2020-08-17
PAY001273,160,4,8225,2020-08-15
PAY001274,160,4,7521,2020-09-15
PAY001275,160,4,7954,2020-10-15
PAY001276,160,4,7959,2020-11-15
PAY001277,160,4,8042,2020-12-15
PAY001278,160,4,8169,2021-01-15
PAY001279,160,4,8025,2021-02-15
PAY001280,160,4,8275,2021-03-15
PAY001281,160,4,8090,2021-04-15
PAY001282,160,1,139,2020-08-18
PAY001283,160,2,50,2020-08-19
PAY001284,161,4,7486,2020-08-15
PAY001285,161,4,7342,2020-09-15
PAY001286,161,4,8657,2020-10-15
PAY001287,161,4,7669,2020-11-15
PAY001288,161,4,7684,2020-12-15
PAY001289,161,4,7929,2021-01-15
PAY001290,161,4,8583,2021-02-15
PAY001291,161,4,7306,2021-03-15
PAY001292,161,4,7251,2021-04-15
PAY001293,161,1,151,2020-08-12
PAY001294,163,4,7817,2020-08-15
PAY001295,163,4,8390,2020-09-15
PAY001296,163,4,7683,2020-10-15
PAY001297,163,4,7391,2020-11-15
PAY001298,163,4,7337,2020-12-15
PAY001299,163,4,8001,2021-01-15
PAY001300,163,4,7617,2021-02-15
PAY001301,163,4,7244,2021-03-15
PAY001302,163,4,7383,2021-04-15
PAY001303,163,4,8335,2021-05-15
PAY001304,163,4,8105,2021-06-15
PAY001305,163,4,7419,2021-07-15
PAY001306,163,1,137,2020-08-11
PAY001307,163,2,51,2020-08-26
PAY001308,164,4,8317,2020-08-15
PAY001309,164,4,7382,2020-09-15
PAY001310,164,4,8599,2020-10-15
PAY001311,164,4,7237,2020-11-15
PAY001312,164,4,8632,2020-12-15
PAY001313,164,4,8416,2021-01-15
PAY001314,164,4,8774,2021-02-15
PAY001315,164,4,8019,2021-03-15
PAY001316,164,4,8546,2021-04-15
PAY001317,164,4,8772,2021-05-15
PAY001318,164,4,8214,2021-06-15
PAY001319,164,4,7466,2021-07-15
PAY001320,164,1,139,2020-08-23
PAY001321,164,2,47,2020-08-12
PAY001322,166,4,8580,2020-08-15
PAY001323,166,4,8372,2020-09-15
PAY001324,166,4,8290,2020-10-15
PAY001325,166,4,7809,2020-11-15
PAY001326,166,4,8619,2020-12-15
PAY001327,166,4,8433,2021-01-15
PAY001328,166,4,8141,2021-02-15
PAY001329,166,4,7372,2021-03-15
PAY001330,166,4,7539,2021-04-15
PAY001331,166,1,162,2020-08-17
PAY001332,166,2,45,2020-08-19
PAY001333,168,4,7466,2020-08-15
PAY001334,168,4,8222,2020-09-15
PAY001335,168,4,8433,2020-10-15
PAY001336,168,4,8306,2020-11-15
PAY001337,168,4,8215,2020-12-15
PAY001338,168,4,7528,2021-01-15
PAY001339,168,4,8014,2021-02-15
PAY001340,168,4,8285,2021-03-15
PAY001341,168,4,8119,2021-04-15
PAY001342,168,1,143,2020-08-26
PAY001343,168,2,49,2020-08-18
PAY001344,169,4,8498,2020-08-15
PAY001345,169,4,8079,2020-09-15
PAY001346,169,4,7932,2020-10-15
PAY001347,169,4,8623,2020-11-15
PAY001348,169,4,7771,2020-12-15
PAY001349,169,4,7593,2021-01-15
PAY001350,169,4,7361,2021-02-15
PAY001351,169,4,8217,2021-03-15
PAY001352,169,4,7784,2021-04-15
PAY001353,169,1,138,2020-08-13
PAY001354,169,2,48,2020-08-16
PAY001355,170,4,8436,2020-08-15
PAY001356,170,4,8301,2020-09-15
PAY001357,170,4,8079,2020-10-15
PAY001358,170,4,7472,2020-11-15
PAY001359,170,4,7558,2020-12-15
PAY001360,170,4,8389,2021-01-15
PAY001361,170,4,8514,2021-02-15
PAY001362,170,4,8023,2021-03-15
PAY001363,170,4,8039,2021-04-15
PAY001364,170,1,163,2020-08-26
PAY001365,170,2,46,2020-08-28
PAY001366,171,4,8528,2020-08-15
PAY001367,171,4,7757,2020-09-15
PAY001368,171,4,7714,2020-10-15
PAY001369,171,4,7979,2020-11-15
PAY001370,171,4,8091,2020-12-15
PAY001371,171,4,7509,2021-01-15
PAY001372,171,4,7925,2021-02-15
PAY001373,171,4,7238,2021-03-15
PAY001374,171,4,7724,2021-04-15
PAY001375,171,1,140,2020-08-15
PAY001376,171,2,46,2020-08-11
PAY001377,172,4,7418,2020-08-15
PAY001378,172,4,7590,2020-09-15
PAY001379,172,4,7284,2020-10-15
PAY001380,172,4,8221,2020-11-15
PAY001381,172,4,8745,2020-12-15
PAY001382,172,4,8150,2021-01-15
PAY001383,172,4,8536,2021-02-15
PAY001384,172,4,7279,2021-03-15
PAY001385,172,4,8392,2021-04-15
PAY001386,172,1,137,2020-08-20
PAY001387,172,2,50,2020-08-25
PAY001388,173,4,7275,2020-08-15
PAY001389,173,4,7906,2020-09-15
PAY001390,173,4,8602,2020-10-15
PAY001391,173,4,7463,2020-11-15
PAY001392,173,4,7803,2020-12-15
PAY001393,173,4,7859,2021-01-15
PAY001394,173,4,8778,2021-02-15
PAY001395,173,4,8329,2021-03-15
PAY001396,173,4,8014,2021-04-15
PAY001397,173,4,7376,2021-05-15
PAY001398,173,4,7998,2021-06-15
PAY001399,173,4,7229,2021-07-15
PAY001400,173,1,145,2020-08-26
PAY001401,173,2,53,2020-08-27
PAY001402,175,4,8129,2020-08-15
PAY001403,175,4,7320,2020-09-15
PAY001404,175,4,7283,2020-10-15
PAY001405,175,4,8320,2020-11-15
PAY001406,175,4,8408,2020-12-15
PAY001407,175,4,8660,2021-01-15
PAY001408,175,4,8262,2021-02-15
PAY001409,175,4,7330,2021-03-15
PAY001410,175,4,7629,2021-04-15
PAY001411,175,1,145,2020-08-27
PAY001412,175,2,49,2020-08-10
PAY001413,176,4,7260,2020-08-15
PAY001414,176,4,7492,2020-09-15
PAY001415,176,4,8464,2020-10-15
PAY001416,176,4,7523,2020-11-15
PAY001417,176,4,8544,2020-12-15
PAY001418,176,4,7637,2021-01-15
PAY001419,176,4,7844,2021-02-15
PAY001420,176,4,8718,2021-03-15
PAY001421,176,4,7831,2021-04-15
PAY001422,176,1,164,2020-08-25
PAY001423,176,2,51,2020-08-29
PAY001424,177,4,8475,2020-08-15
PAY001425,177,4,8582,2020-09-15
PAY001426,177,4,7659,2020-10-15
PAY001427,177,4,8051,2020-11-15
PAY001428,177,4,7797,2020-12-15
PAY001429,177,4,7227,2021-01-15
PAY001430,177,4,7721,2021-02-15
PAY001431,177,4,7993,2021-03-15
PAY001432,177,4,7505,2021-04-15
PAY001433,177,1,153,2020-08-23
PAY001434,177,2,45,2020-08-11
PAY001435,179,4,7786,2020-08-15
PAY001436,179,2,47,2020-08-27
PAY001437,181,4,7831,2020-08-15
PAY001438,181,4,7966,2020-09-15
PAY001439,181,4,8584,2020-10-15
PAY001440,181,4,7473,2020-11-15
PAY001441,181,4,7817,2020-12-15
PAY001442,181,4,7422,2021-01-15
PAY001443,181,4,7887,2021-02-15
PAY001444,181,4,8392,2021-03-15
PAY001445,181,4,8669,2021-04-15
PAY001446,181,1,148,2020-08-21
PAY001447,181,2,50,2020-08-19
PAY001448,182,4,7826,2020-08-15
PAY001449,182,4,8303,2020-09-15
PAY001450,182,4,7543,2020-10-15
PAY001451,182,4,8088,2020-11-15
PAY001452,182,4,8783,2020-12-15
PAY001453,182,4,7233,2021-01-15
PAY001454,182,4,7744,2021-02-15
PAY001455,182,4,7961,2021-03-15
PAY001456,182,4,8753,2021-04-15
PAY001457,182,1,148,2020-08-11
PAY001458,182,2,50,2020-08-16
PAY001459,183,4,7628,2020-08-15
PAY001460,183,4,8403,2020-09-15
PAY001461,183,4,7882,2020-10-15
PAY001462,183,4,8315,2020-11-15
PAY001463,183,4,8353,2020-12-15
PAY001464,183,4,7532,2021-01-15
PAY001465,183,4,7725,2021-02-15
PAY001466,183,4,8393,2021-03-15
PAY001467,183,4,8091,2021-04-15
PAY001468,183,1,139,2020-08-16
PAY001469,183,2,47,2020-08-10
PAY001470,184,4,8327,2020-08-15
PAY001471,184,4,8370,2020-09-15
PAY001472,184,4,8181,2020-10-15
PAY001473,184,4,8669,2020-11-15
PAY001474,184,4,7293,2020-12-15
PAY001475,184,4,7357,2021-01-15
PAY001476,184,4,7595,2021-02-15
PAY001477,184,4,8044,2021-03-15
PAY001478,184,4,7983,2021-04-15
PAY001479,184,1,153,2020-08-15
PAY001480,185,4,8757,2020-08-15
PAY001481,185,4,8459,2020-09-15
PAY001482,185,4,8736,2020-10-15
PAY001483,185,4,8643,2020-11-15
PAY001484,185,4,8692,2020-12-15
PAY001485,185,4,7262,2021-01-15
PAY001486,185,4,8133,2021-02-15
PAY001487,185,4,7870,2021-03-15
PAY001488,185,4,8055,2021-04-15
PAY001489,185,2,49,2020-08-19
PAY001490,186,4,7438,2020-08-15
PAY001491,186,4,7219,2020-09-15
PAY001492,186,4,8515,2020-10-15
PAY001493,186,4,7718,2020-11-15
PAY001494,186,4,7298,2020-12-15
PAY001495,186,4,7463,2021-01-15
PAY001496,186,4,8035,2021-02-15
PAY001497,186,4,8549,2021-03-15
PAY001498,186,4,8397,2021-04-15
PAY001499,186,4,8353,2021-05-15
PAY001500,186,4,7290,2021-06-15
PAY001501,186,4,7379,2021-07-15
PAY001502,186,1,159,2020-08-13
PAY001503,186,2,52,2020-08-18
PAY001504,187,4,7228,2020-08-15
PAY001505,187,4,7855,2020-09-15
PAY001506,187,4,7268,2020-10-15
PAY001507,187,4,8037,2020-11-15
PAY001508,187,4,8046,2020-12-15
PAY001509,187,4,8779,2021-01-15
PAY001510,187,4,7539,2021-02-15
PAY001511,187,4,8141,2021-03-15
PAY001512,187,4,8593,2021-04-15
PAY001513,187,4,7634,2021-05-15
PAY001514,187,4,7482,2021-06-15
PAY001515,187,4,8318,2021-07-15
PAY001516,187,1,155,2020-08-17
PAY001517,187,2,53,2020-08-11
PAY001518,188,4,8158,2020-08-15
PAY001519,188,4,7832,2020-09-15
PAY001520,188,4,8705,2020-10-15
PAY001521,188,4,8360,2020-11-15
PAY001522,188,4,8782,2020-12-15
PAY001523,188,4,8610,2021-01-15
PAY001524,188,4,8457,2021-02-15
PAY001525,188,4,7630,2021-03-15
PAY001526,188,4,7665,2021-04-15
PAY001527,188,1,156,2020-08-21
PAY001528,188,2,52,2020-08-21
PAY001529,189,4,7894,2020-08-15
PAY001530,189,2,49,2020-08-13
PAY001531,190,4,8239,2020-08-15
PAY001532,190,4,8109,2020-09-15
PAY001533,190,4,8699,2020-10-15
PAY001534,190,4,8631,2020-11-15
PAY001535,190,4,7472,2020-12-15
PAY001536,190,4,8523,2021-01-15
PAY001537,190,4,7537,2021-02-15
PAY001538,190,4,7279,2021-03-15
PAY001539,190,4,7497,2021-04-15
PAY001540,190,2,45,2020-08-20
PAY001541,191,4,7586,2020-08-15
PAY001542,191,4,7393,2020-09-15
PAY001543,191,4,8568,2020-10-15
PAY001544,191,4,7929,2020-11-15
PAY001545,191,4,8771,2020-12-15
PAY001546,191,4,7661,2021-01-15
PAY001547,191,4,8655,2021-02-15
PAY001548,191,4,7297,2021-03-15
PAY001549,191,4,7886,2021-04-15
PAY001550,191,1,151,2020-08-12
PAY001551,193,4,8354,2020-08-15
PAY001552,193,4,7747,2020-09-15
PAY001553,193,4,7572,2020-10-15
PAY001554,193,4,7578,2020-11-15
PAY001555,193,4,8629,2020-12-15
PAY001556,193,4,8618,2021-01-15
PAY001557,193,4,8396,2021-02-15
PAY001558,193,4,7337,2021-03-15
PAY001559,193,4,7557,2021-04-15
PAY001560,193,1,152,2020-08-22
PAY001561,193,2,54,2020-08-26
PAY001562,194,4,8617,2020-08-15
PAY001563,194,4,7238,2020-09-15
PAY001564,194,4,7986,2020-10-15
PAY001565,194,4,8634,2020-11-15
PAY001566,194,4,7617,2020-12-15
PAY001567,194,4,7798,2021-01-15
PAY001568,194,4,7608,2021-02-15
PAY001569,194,4,8503,2021-03-15
PAY001570,194,4,7868,2021-04-15
PAY001571,194,4,8350,2021-05-15
PAY001572,194,4,8320,2021-06-15
PAY001573,194,4,7352,2021-07-15
PAY001574,194,1,138,2020-08-16
PAY001575,194,2,53,2020-08-16
PAY001576,195,4,7270,2020-08-15
PAY001577,195,4,7248,2020-09-15
PAY001578,195,4,8194,2020-10-15
PAY001579,195,4,8158,2020-11-15
PAY001580,195,4,7903,2020-12-15
PAY001581,195,4,8177,2021-01-15
PAY001582,195,4,8570,2021-02-15
PAY001583,195,4,8230,2021-03-15
PAY001584,195,4,7381,2021-04-15
PAY001585,195,1,151,2020-08-23
PAY001586,196,4,7470,2020-08-15
PAY001587,196,4,8426,2020-09-15
PAY001588,196,4,8704,2020-10-15
PAY001589,196,4,8248,2020-11-15
PAY001590,196,4,8619,2020-12-15
PAY001591,196,4,8194,2021-01-15
PAY001592,196,4,8656,2021-02-15
PAY001593,196,4,7292,2021-03-15
PAY001594,196,4,7716,2021-04-15
PAY001595,196,1,142,2020-08-29
PAY001596,197,4,8472,2020-08-15
PAY001597,197,4,8370,2020-09-15
PAY001598,197,4,7378,2020-10-15
PAY001599,197,4,8615,2020-11-15
PAY001600,197,4,7996,2020-12-15
PAY001601,197,4,8728,2021-01-15
PAY001602,197,4,7532,2021-02-15
PAY001603,197,4,8797,2021-03-15
PAY001604,197,4,7654,2021-04-15
PAY001605,197,2,51,2020-08-15
PAY001606,198,4,8015,2020-08-15
PAY001607,198,4,8788,2020-09-15
PAY001608,198,4,7913,2020-10-15
PAY001609,198,4,8636,2020-11-15
PAY001610,198,4,7704,2020-12-15
PAY001611,198,4,8462,2021-01-15
PAY001612,198,4,7741,2021-02-15
PAY001613,198,4,8021,2021-03-15
PAY001614,198,4,8063,2021-04-15
PAY001615,198,1,155,2020-08-11
PAY001616,198,2,49,2020-08-14
PAY001617,199,4,7362,2020-08-15
PAY001618,199,4,8794,2020-09-15
PAY001619,199,4,7525,2020-10-15
PAY001620,199,4,8100,2020-11-15
PAY001621,199,4,7613,2020-12-15
PAY001622,199,4,7391,2021-01-15
PAY001623,199,4,8389,2021-02-15
PAY001624,199,4,7495,2021-03-15
PAY001625,199,4,7587,2021-04-15
PAY001626,199,1,156,2020-08-17
PAY001627,199,2,45,2020-08-13
PAY001628,200,4,7413,2020-08-15
PAY001629,200,4,8528,2020-09-15
PAY001630,200,4,7940,2020-10-15
PAY001631,200,4,7530,2020-11-15
PAY001632,200,4,8736,2020-12-15
PAY001633,200,4,8372,2021-01-15
PAY001634,200,4,7509,2021-02-15
PAY001635,200,4,7570,2021-03-15
PAY001636,200,4,8634,2021-04-15
PAY001637,200,2,49,2020-08-18
PAY001638,202,4,7664,2020-08-15
PAY001639,202,4,7697,2020-09-15
PAY001640,202,4,8218,2020-10-15
PAY001641,202,4,7590,2020-11-15
PAY001642,202,4,7403,2020-12-15
PAY001643,202,4,7310,2021-01-15
PAY001644,202,4,8410,2021-02-15
PAY001645,202,4,7685,2021-03-15
PAY001646,202,4,7342,2021-04-15
PAY001647,202,2,51,2020-08-13
PAY001648,204,4,7845,2020-08-15
PAY001649,204,4,7749,2020-09-15
PAY001650,204,4,7771,2020-10-15
PAY001651,204,4,7756,2020-11-15
PAY001652,204,4,8559,2020-12-15
PAY001653,204,4,7761,2021-01-15
PAY001654,204,4,8265,2021-02-15
PAY001655,204,4,7286,2021-03-15
PAY001656,204,4,8564,2021-04-15
PAY001657,204,1,147,2020-08-29
PAY001658,204,2,46,2020-08-12
PAY001659,205,4,8195,2020-08-15
PAY001660,205,4,8574,2020-09-15
PAY001661,205,4,8365,2020-10-15
PAY001662,205,4,7585,2020-11-15
PAY001663,205,4,8404,2020-12-15
PAY001664,205,4,7420,2021-01-15
PAY001665,205,4,8363,2021-02-15
PAY001666,205,4,7582,2021-03-15
PAY001667,205,4,8430,2021-04-15
PAY001668,205,1,148,2020-08-27
PAY001669,207,4,8269,2020-08-15
PAY001670,207,4,8038,2020-09-15
PAY001671,207,4,8675,2020-10-15
PAY001672,207,4,8741,2020-11-15
PAY001673,207,4,8294,2020-12-15
PAY001674,207,4,8410,2021-01-15
PAY001675,207,4,7379,2021-02-15
PAY001676,207,4,8242,2021-03-15
PAY001677,207,4,7286,2021-04-15
PAY001678,207,1,138,2020-08-17
PAY001679,209,4,8792,2020-08-15
PAY001680,209,4,8321,2020-09-15
PAY001681,209,4,8301,2020-10-15
PAY001682,209,4,8492,2020-11-15
PAY001683,209,4,7218,2020-12-15
PAY001684,209,4,7623,2021-01-15
PAY001685,209,4,7614,2021-02-15
PAY001686,209,4,8722,2021-03-15
PAY001687,209,4,8548,2021-04-15
PAY001688,209,1,144,2020-08-29
PAY001689,209,2,49,2020-08-28
PAY001690,210,4,8268,2020-08-15
PAY001691,210,4,7619,2020-09-15
PAY001692,210,4,8479,2020-10-15
PAY001693,210,4,8344,2020-11-15
PAY001694,210,4,7255,2020-12-15
PAY001695,210,4,8742,2021-01-15
PAY001696,210,4,7284,2021-02-15
PAY001697,210,4,8204,2021-03-15
PAY001698,210,4,7534,2021-04-15
PAY001699,210,4,8364,2021-05-15
PAY001700,210,4,7974,2021-06-15
PAY001701,210,4,8076,2021-07-15
PAY001702,210,1,138,2020-08-13
PAY001703,210,2,53,2020-08-26
PAY001704,211,4,8200,2020-08-15
PAY001705,211,4,8056,2020-09-15
PAY001706,211,4,8797,2020-10-15
PAY001707,211,4,7671,2020-11-15
PAY001708,211,4,7918,2020-12-15
PAY001709,211,4,8757,2021-01-15
PAY001710,211,4,7660,2021-02-15
PAY001711,211,4,8179,2021-03-15
PAY001712,211,4,7989,2021-04-15
PAY001713,211,4,7962,2021-05-15
PAY001714,211,4,7811,2021-06-15
PAY001715,211,4,7406,2021-07-15
PAY001716,211,1,148,2020-08-14
PAY001717,211,2,48,2020-08-10
PAY001718,212,4,7853,2020-08-15
PAY001719,212,4,7532,2020-09-15
PAY001720,212,4,8720,2020-10-15
PAY001721,212,4,7569,2020-11-15
PAY001722,212,4,8580,2020-12-15
PAY001723,212,4,7358,2021-01-15
PAY001724,212,4,7631,2021-02-15
PAY001725,212,4,8269,2021-03-15
PAY001726,212,4,7395,2021-04-15
PAY001727,212,1,149,2020-08-26
PAY001728,212,2,52,2020-08-17
PAY001729,213,4,7603,2020-08-15
PAY001730,213,4,7576,2020-09-15
PAY001731,213,4,7677,2020-10-15
PAY001732,213,4,7806,2020-11-15
PAY001733,213,4,7885,2020-12-15
PAY001734,213,4,8352,2021-01-15
PAY001735,213,4,7315,2021-02-15
PAY001736,213,4,8641,2021-03-15
PAY001737,213,4,7387,2021-04-15
PAY001738,213,4,8168,2021-05-15
PAY001739,213,4,7522,2021-06-15
PAY001740,213,4,7347,2021-07-15
PAY001741,213,1,159,2020-08-13
PAY001742,213,2,50,2020-08-21
PAY001743,214,4,7586,2020-08-15
PAY001744,214,4,7974,2020-09-15
PAY001745,214,4,8609,2020-10-15
PAY001746,214,4,8389,2020-11-15
PAY001747,214,4,7431,2020-12-15
PAY001748,214,4,8516,2021-01-15
PAY001749,214,4,8745,2021-02-15
PAY001750,214,4,7590,2021-03-15
PAY001751,214,4,7638,2021-04-15
PAY001752,214,4,8389,2021-05-15
PAY001753,214,4,8453,2021-06-15
PAY001754,214,4,8749,2021-07-15
PAY001755,214,1,155,2020-08-27
PAY001756,214,2,49,2020-08-15
PAY001757,215,4,8670,2020-08-15
PAY001758,215,4,7235,2020-09-15
PAY001759,215,4,8197,2020-10-15
PAY001760,215,4,8461,2020-11-15
PAY001761,215,4,7771,2020-12-15
PAY001762,215,4,7391,2021-01-15
PAY001763,215,4,7525,2021-02-15
PAY001764,215,4,8342,2021-03-15
PAY001765,215,4,7889,2021-04-15
PAY001766,215,4,8466,2021-05-15
PAY001767,215,4,8747,2021-06-15
PAY001768,215,4,8284,2021-07-15
PAY001769,215,1,162,2020-08-14
PAY001770,217,4,7525,2020-08-15
PAY001771,217,4,8320,2020-09-15
PAY001772,217,4,7724,2020-10-15
PAY001773,217,4,7237,2020-11-15
PAY001774,217,4,7582,2020-12-15
PAY001775,217,4,8775,2021-01-15
PAY001776,217,4,7638,2021-02-15
PAY001777,217,4,7364,2021-03-15
PAY001778,217,4,7458,2021-04-15
PAY001779,217,4,8584,2021-05-15
PAY001780,217,4,8067,2021-06-15
PAY001781,217,4,7567,2021-07-15
PAY001782,217,1,147,2020-08-24
PAY001783,217,2,49,2020-08-29
PAY001784,218,4,8720,2020-08-15
PAY001785,218,4,8229,2020-09-15
PAY001786,218,4,8181,2020-10-15
PAY001787,218,4,8264,2020-11-15
PAY001788,218,4,8452,2020-12-15
PAY001789,218,4,8219,2021-01-15
PAY001790,218,4,7558,2021-02-15
PAY001791,218,4,7341,2021-03-15
PAY001792,218,4,8620,2021-04-15
PAY001793,218,1,138,2020-08-13
PAY001794,220,4,7846,2020-08-15
PAY001795,220,4,7439,2020-09-15
PAY001796,220,4,7658,2020-10-15
PAY001797,220,4,8561,2020-11-15
PAY001798,220,4,8067,2020-12-15
PAY001799,220,4,7274,2021-01-15
PAY001800,220,4,7302,2021-02-15
PAY001801,220,4,7427,2021-03-15
PAY001802,220,4,8049,2021-04-15
PAY001803,220,1,146,2020-08-18
PAY001804,221,4,7355,2020-08-15
PAY001805,221,4,8657,2020-09-15
PAY001806,221,4,7425,2020-10-15
PAY001807,221,4,7472,2020-11-15
PAY001808,221,4,8791,2020-12-15
PAY001809,221,4,7259,2021-01-15
PAY001810,221,4,7277,2021-02-15
PAY001811,221,4,7533,2021-03-15
PAY001812,221,4,8545,2021-04-15
PAY001813,221,1,145,2020-08-18
PAY001814,224,4,7874,2020-08-15
PAY001815,224,4,7989,2020-09-15
PAY001816,224,4,7476,2020-10-15
PAY001817,224,4,8605,2020-11-15
PAY001818,224,4,8736,2020-12-15
PAY001819,224,4,8082,2021-01-15
PAY001820,224,4,8729,2021-02-15
PAY001821,224,4,8293,2021-03-15
PAY001822,224,4,8071,2021-04-15
PAY001823,224,4,7813,2021-05-15
PAY001824,224,4,7311,2021-06-15
PAY001825,224,4,7816,2021-07-15
PAY001826,224,1,146,2020-08-26
PAY001827,224,2,47,2020-08-23
PAY001828,226,4,8711,2020-08-15
PAY001829,226,4,8406,2020-09-15
PAY001830,226,4,8501,2020-10-15
PAY001831,226,4,7295,2020-11-15
PAY001832,226,4,8472,2020-12-15
PAY001833,226,4,8640,2021-01-15
PAY001834,226,4,8401,2021-02-15
PAY001835,226,4,8363,2021-03-15
PAY001836,226,4,8443,2021-04-15
PAY001837,226,2,50,2020-08-14
PAY001838,227,4,7465,2020-08-15
PAY001839,227,4,7580,2020-09-15
PAY001840,227,4,8304,2020-10-15
PAY001841,227,4,7723,2020-11-15
PAY001842,227,4,8610,2020-12-15
PAY001843,227,4,7575,2021-01-15
PAY001844,227,4,7933,2021-02-15
PAY001845,227,4,8505,2021-03-15
PAY001846,227,4,7898,2021-04-15
PAY001847,227,1,138,2020-08-21
PAY001848,227,2,51,2020-08-15
PAY001849,228,4,8602,2020-08-15
PAY001850,228,4,7552,2020-09-15
PAY001851,228,4,8181,2020-10-15
PAY001852,228,4,8096,2020-11-15
PAY001853,228,4,8026,2020-12-15
PAY001854,228,4,8791,2021-01-15
PAY001855,228,4,8287,2021-02-15
PAY001856,228,4,8544,2021-03-15
PAY001857,228,4,8149,2021-04-15
PAY001858,228,1,141,2020-08-26
PAY001859,228,2,50,2020-08-18
PAY001860,229,4,7870,2020-08-15
PAY001861,229,4,8653,2020-09-15
PAY001862,229,4,8048,2020-10-15
PAY001863,229,4,8268,2020-11-15
PAY001864,229,4,8138,2020-12-15
PAY001865,229,4,7835,2021-01-15
PAY001866,229,4,8720,2021-02-15
PAY001867,229,4,7222,2021-03-15
PAY001868,229,4,8456,2021-04-15
PAY001869,229,4,7703,2021-05-15
PAY001870,229,4,7306,2021-06-15
PAY001871,229,4,7425,2021-07-15
PAY001872,229,1,161,2020-08-29
PAY001873,229,2,51,2020-08-20
PAY001874,231,4,8798,2020-08-15
PAY001875,231,4,7676,2020-09-15
PAY001876,231,4,8322,2020-10-15
PAY001877,231,4,7245,2020-11-15
PAY001878,231,4,7386,2020-12-15
PAY001879,231,4,7918,2021-01-15
PAY001880,231,4,8407,2021-02-15
PAY001881,231,4,8323,2021-03-15
PAY001882,231,4,7979,2021-04-15
PAY001883,231,2,51,2020-08-27
PAY001884,233,4,7733,2020-08-15
PAY001885,233,4,8125,2020-09-15
PAY001886,233,4,7533,2020-10-15
PAY001887,233,4,8677,2020-11-15
PAY001888,233,4,8777,2020-12-15
PAY001889,233,4,7211,2021-01-15
PAY001890,233,4,7452,2021-02-15
PAY001891,233,4,7626,2021-03-15
PAY001892,233,4,8778,2021-04-15
PAY001893,233,2,52,2020-08-27
PAY001894,234,4,7720,2020-08-15
PAY001895,234,4,7753,2020-09-15
PAY001896,234,4,7965,2020-10-15
PAY001897,234,4,7869,2020-11-15
PAY001898,234,4,8176,2020-12-15
PAY001899,234,4,8033,2021-01-15
PAY001900,234,4,8173,2021-02-15
PAY001901,234,4,7496,2021-03-15
PAY001902,234,4,7890,2021-04-15
PAY001903,234,1,147,2020-08-11
PAY001904,234,2,50,2020-08-25
PAY001905,235,4,7226,2020-08-15
PAY001906,235,4,8635,2020-09-15
PAY001907,235,4,7629,2020-10-15
PAY001908,235,4,8440,2020-11-15
PAY001909,235,4,8448,2020-12-15
PAY001910,235,4,7998,2021-01-15
PAY001911,235,4,7284,2021-02-15
PAY001912,235,4,8032,2021-03-15
PAY001913,235,4,7876,2021-04-15
PAY001914,235,1,139,2020-08-22
PAY001915,235,2,47,2020-08-19
PAY001916,236,4,7434,2020-08-15
PAY001917,236,4,8768,2020-09-15
PAY001918,236,4,8653,2020-10-15
PAY001919,236,4,8107,2020-11-15
PAY001920,236,4,8750,2020-12-15
PAY001921,236,4,7397,2021-01-15
PAY001922,236,4,8706,2021-02-15
PAY001923,236,4,8425,2021-03-15
PAY001924,236,4,8677,2021-04-15
PAY001925,236,4,8766,2021-05-15
PAY001926,236,4,8299,2021-06-15
PAY001927,236,4,8721,2021-07-15
PAY001928,236,1,162,2020-08-22
PAY001929,237,4,8024,2020-08-15
PAY001930,237,4,8704,2020-09-15
PAY001931,237,4,8188,2020-10-15
PAY001932,237,4,8233,2020-11-15
PAY001933,237,4,7948,2020-12-15
PAY001934,237,4,7823,2021-01-15
PAY001935,237,4,7839,2021-02-15
PAY001936,237,4,8719,2021-03-15
PAY001937,237,4,8035,2021-04-15
PAY001938,237,1,157,2020-08-17
PAY001939,237,2,54,2020-08-17
PAY001940,238,4,8605,2020-08-15
PAY001941,238,4,8498,2020-09-15
PAY001942,238,4,7678,2020-10-15
PAY001943,238,4,7324,2020-11-15
PAY001944,238,4,8560,2020-12-15
PAY001945,238,4,8652,2021-01-15
PAY001946,238,4,8479,2021-02-15
PAY001947,238,4,7378,2021-03-15
PAY001948,238,4,8790,2021-04-15
PAY001949,238,4,8521,2021-05-15
PAY001950,238,4,8685,2021-06-15
PAY001951,238,4,8192,2021-07-15
PAY001952,238,1,145,2020-08-21
PAY001953,238,2,50,2020-08-30
PAY001954,239,4,8773,2020-08-15
PAY001955,239,4,7531,2020-09-15
PAY001956,239,4,8503,2020-10-15
PAY001957,239,4,7466,2020-11-15
PAY001958,239,4,8603,2020-12-15
PAY001959,239,4,7680,2021-01-15
PAY001960,239,4,8686,2021-02-15
PAY001961,239,4,7825,2021-03-15
PAY001962,239,4,8262,2021-04-15
PAY001963,239,4,7605,2021-05-15
PAY001964,239,4,8452,2021-06-15
PAY001965,239,4,7981,2021-07-15
PAY001966,239,1,145,2020-08-24
PAY001967,239,2,46,2020-08-19
PAY001968,240,4,8391,2020-08-15
PAY001969,240,4,7677,2020-09-15
PAY001970,240,4,7770,2020-10-15
PAY001971,240,4,7816,2020-11-15
PAY001972,240,4,7860,2020-12-15
PAY001973,240,4,8058,2021-01-15
PAY001974,240,4,8018,2021-02-15
PAY001975,240,4,7842,2021-03-15
PAY001976,240,4,8557,2021-04-15
PAY001977,240,1,155,2020-08-18
PAY001978,240,2,45,2020-08-23
PAY001979,241,4,7398,2020-08-15
PAY001980,241,4,7617,2020-09-15
PAY001981,241,4,7778,2020-10-15
PAY001982,241,4,8638,2020-11-15
PAY001983,241,4,7780,2020-12-15
PAY001984,241,4,7737,2021-01-15
PAY001985,241,4,7515,2021-02-15
PAY001986,241,4,7960,2021-03-15
PAY001987,241,4,8028,2021-04-15
PAY001988,241,1,156,2020-08-18
PAY001989,241,2,47,2020-08-15
PAY001990,242,4,8492,2020-08-15
PAY001991,242,4,8739,2020-09-15
PAY001992,242,4,8728,2020-10-15
PAY001993,242,4,8296,2020-11-15
PAY001994,242,4,7702,2020-12-15
PAY001995,242,4,7916,2021-01-15
PAY001996,242,4,7792,2021-02-15
PAY001997,242,4,7431,2021-03-15
PAY001998,242,4,8785,2021-04-15
PAY001999,242,1,151,2020-08-12
PAY002000,242,2,54,2020-08-10
PAY002001,243,4,7657,2020-08-15
PAY002002,243,4,7872,2020-09-15
PAY002003,243,4,7489,2020-10-15
PAY002004,243,4,7487,2020-11-15
PAY002005,243,4,7254,2020-12-15
PAY002006,243,4,8659,2021-01-15
PAY002007,243,4,7654,2021-02-15
PAY002008,243,4,7522,2021-03-15
PAY002009,243,4,8739,2021-04-15
PAY002010,243,1,159,2020-08-27
PAY002011,243,2,45,2020-08-27
PAY002012,244,4,8543,2020-08-15
PAY002013,244,4,7201,2020-09-15
PAY002014,244,4,8007,2020-10-15
PAY002015,244,4,7810,2020-11-15
PAY002016,244,4,7613,2020-12-15
PAY002017,244,4,8653,2021-01-15
PAY002018,244,4,8149,2021-02-15
PAY002019,244,4,7588,2021-03-15
PAY002020,244,4,7474,2021-04-15
PAY002021,244,1,149,2020-08-20
PAY002022,244,2,45,2020-08-30
PAY002023,245,4,8169,2020-08-15
PAY002024,245,4,7230,2020-09-15
PAY002025,245,4,8582,2020-10-15
PAY002026,245,4,8637,2020-11-15
PAY002027,245,4,7808,2020-12-15
PAY002028,245,4,7410,2021-01-15
PAY002029,245,4,8561,2021-02-15
PAY002030,245,4,7240,2021-03-15
PAY002031,245,4,7728,2021-04-15
PAY002032,245,1,139,2020-08-19
PAY002033,245,2,52,2020-08-15
PAY002034,247,4,7561,2020-08-15
PAY002035,247,4,8311,2020-09-15
PAY002036,247,4,7510,2020-10-15
PAY002037,247,4,8208,2020-11-15
PAY002038,247,4,7338,2020-12-15
PAY002039,247,4,7487,2021-01-15
PAY002040,247,4,8332,2021-02-15
PAY002041,247,4,7645,2021-03-15
PAY002042,247,4,7825,2021-04-15
PAY002043,247,4,7417,2021-05-15
PAY002044,247,4,8207,2021-06-15
PAY002045,247,4,8603,2021-07-15
PAY002046,247,1,156,2020-08-21
PAY002047,247,2,47,2020-08-22
PAY002048,249,4,7537,2020-08-15
PAY002049,249,4,8239,2020-09-15
PAY002050,249,4,7564,2020-10-15
PAY002051,249,4,7424,2020-11-15
PAY002052,249,4,8679,2020-12-15
PAY002053,249,4,7402,2021-01-15
PAY002054,249,4,8472,2021-02-15
PAY002055,249,4,8512,2021-03-15
PAY002056,249,4,8279,2021-04-15
PAY002057,249,4,7426,2021-05-15
PAY002058,249,4,8116,2021-06-15
PAY002059,249,4,7968,2021-07-15
PAY002060,249,1,161,2020-08-22
PAY002061,249,2,53,2020-08-21
PAY002062,250,4,7756,2020-08-15
PAY002063,250,4,7321,2020-09-15
PAY002064,250,4,8694,2020-10-15
PAY002065,250,4,8797,2020-11-15
PAY002066,250,4,8401,2020-12-15
PAY002067,250,4,8431,2021-01-15
PAY002068,250,4,7320,2021-02-15
PAY002069,250,4,7610,2021-03-15
PAY002070,250,4,7618,2021-04-15
PAY002071,250,1,158,2020-08-12
PAY002072,250,2,50,2020-08-11
PAY002073,251,4,7247,2020-08-15
PAY002074,251,4,7628,2020-09-15
PAY002075,251,4,7713,2020-10-15
PAY002076,251,4,7370,2020-11-15
PAY002077,251,4,8655,2020-12-15
PAY002078,251,4,7285,2021-01-15
PAY002079,251,4,7217,2021-02-15
PAY002080,251,4,8159,2021-03-15
PAY002081,251,4,7295,2021-04-15
PAY002082,251,1,144,2020-08-28
PAY002083,253,4,8384,2020-08-15
PAY002084,253,2,54,2020-08-17
PAY002085,254,4,7738,2020-08-15
PAY002086,254,4,8756,2020-09-15
PAY002087,254,4,7897,2020-10-15
PAY002088,254,4,8155,2020-11-15
PAY002089,254,4,7768,2020-12-15
PAY002090,254,4,7545,2021-01-15
PAY002091,254,4,8081,2021-02-15
PAY002092,254,4,8244,2021-03-15
PAY002093,254,4,7267,2021-04-15
PAY002094,254,1,148,2020-08-10
PAY002095,254,2,49,2020-08-26
PAY002096,256,4,7961,2020-08-15
PAY002097,256,4,7806,2020-09-15
PAY002098,256,4,8228,2020-10-15
PAY002099,256,4,8580,2020-11-15
PAY002100,256,4,8626,2020-12-15
PAY002101,256,4,7789,2021-01-15
PAY002102,256,4,7408,2021-02-15
PAY002103,256,4,7915,2021-03-15
PAY002104,256,4,8257,2021-04-15
PAY002105,256,1,153,2020-08-19
PAY002106,257,4,8253,2020-08-15
PAY002107,257,4,8489,2020-09-15
PAY002108,257,4,7776,2020-10-15
PAY002109,257,4,8242,2020-11-15
PAY002110,257,4,7403,2020-12-15
PAY002111,257,4,8441,2021-01-15
PAY002112,257,4,7891,2021-02-15
PAY002113,257,4,8550,2021-03-15
PAY002114,257,4,8670,2021-04-15
PAY002115,257,4,8043,2021-05-15
PAY002116,257,4,8207,2021-06-15
PAY002117,257,4,7529,2021-07-15
PAY002118,257,1,138,2020-08-17
PAY002119,257,2,52,2020-08-19
PAY002120,258,4,8753,2020-08-15
PAY002121,258,4,8567,2020-09-15
PAY002122,258,4,7595,2020-10-15
PAY002123,258,4,7209,2020-11-15
PAY002124,258,4,7604,2020-12-15
PAY002125,258,4,7632,2021-01-15
PAY002126,258,4,8318,2021-02-15
PAY002127,258,4,8086,2021-03-15
PAY002128,258,4,8259,2021-04-15
PAY002129,258,4,8393,2021-05-15
PAY002130,258,4,7540,2021-06-15
PAY002131,258,4,7842,2021-07-15
PAY002132,258,2,48,2020-08-30
PAY002133,260,4,8795,2020-08-15
PAY002134,260,4,7711,2020-09-15
PAY002135,260,4,8617,2020-10-15
PAY002136,260,4,7446,2020-11-15
PAY002137,260,4,8293,2020-12-15
PAY002138,260,4,8739,2021-01-15
PAY002139,260,4,8794,2021-02-15
PAY002140,260,4,7571,2021-03-15
PAY002141,260,4,8286,2021-04-15
PAY002142,260,4,7773,2021-05-15
PAY002143,260,4,8573,2021-06-15
PAY002144,260,4,7821,2021-07-15
PAY002145,260,1,150,2020-08-23
PAY002146,260,2,46,2020-08-20
PAY002147,262,4,7869,2020-08-15
PAY002148,262,2,52,2020-08-26
PAY002149,263,4,8754,2020-08-15
PAY002150,263,4,7777,2020-09-15
PAY002151,263,4,8068,2020-10-15
PAY002152,263,4,7831,2020-11-15
PAY002153,263,4,7804,2020-12-15
PAY002154,263,4,7307,2021-01-15
PAY002155,263,4,8676,2021-02-15
PAY002156,263,4,8442,2021-03-15
PAY002157,263,4,8169,2021-04-15
PAY002158,263,1,140,2020-08-16
PAY002159,263,2,48,2020-08-19
PAY002160,265,4,8047,2020-08-15
PAY002161,265,4,7381,2020-09-15
PAY002162,265,4,7668,2020-10-15
PAY002163,265,4,8264,2020-11-15
PAY002164,265,4,7425,2020-12-15
PAY002165,265,4,7601,2021-01-15
PAY002166,265,4,8612,2021-02-15
PAY002167,265,4,8157,2021-03-15
PAY002168,265,4,7928,2021-04-15
PAY002169,265,1,152,2020-08-21
PAY002170,266,4,8565,2020-08-15
PAY002171,266,2,46,2020-08-10
PAY002172,267,4,7497,2020-08-15
PAY002173,267,4,8420,2020-09-15
PAY002174,267,4,8123,2020-10-15
PAY002175,267,4,8193,2020-11-15
PAY002176,267,4,7814,2020-12-15
PAY002177,267,4,7630,2021-01-15
PAY002178,267,4,8327,2021-02-15
PAY002179,267,4,8624,2021-03-15
PAY002180,267,4,8377,2021-04-15
PAY002181,267,1,158,2020-08-14
PAY002182,268,4,8000,2020-08-15
PAY002183,268,4,8220,2020-09-15
PAY002184,268,4,8408,2020-10-15
PAY002185,268,4,8761,2020-11-15
PAY002186,268,4,7440,2020-12-15
PAY002187,268,4,7551,2021-01-15
PAY002188,268,4,7663,2021-02-15
PAY002189,268,4,8588,2021-03-15
PAY002190,268,4,7298,2021-04-15
PAY002191,268,1,142,2020-08-30
PAY002192,269,4,7749,2020-08-15
PAY002193,269,4,7922,2020-09-15
PAY002194,269,4,8356,2020-10-15
PAY002195,269,4,8794,2020-11-15
PAY002196,269,4,7635,2020-12-15
PAY002197,269,4,8385,2021-01-15
PAY002198,269,4,7341,2021-02-15
PAY002199,269,4,7474,2021-03-15
PAY002200,269,4,8143,2021-04-15
PAY002201,269,1,151,2020-08-21
PAY002202,269,2,48,2020-08-22
PAY002203,270,4,8040,2020-08-15
PAY002204,270,4,8688,2020-09-15
PAY002205,270,4,8291,2020-10-15
PAY002206,270,4,7473,2020-11-15
PAY002207,270,4,7652,2020-12-15
PAY002208,270,4,8024,2021-01-15
PAY002209,270,4,7893,2021-02-15
PAY002210,270,4,7498,2021-03-15
PAY002211,270,4,7923,2021-04-15
PAY002212,270,1,156,2020-08-17
PAY002213,270,2,52,2020-08-18
PAY002214,271,4,7700,2020-08-15
PAY002215,271,4,7463,2020-09-15
PAY002216,271,4,8295,2020-10-15
PAY002217,271,4,7662,2020-11-15
PAY002218,271,4,8174,2020-12-15
PAY002219,271,4,7434,2021-01-15
PAY002220,271,4,7201,2021-02-15
PAY002221,271,4,7804,2021-03-15
PAY002222,271,4,7388,2021-04-15
PAY002223,271,1,137,2020-08-16
PAY002224,271,2,54,2020-08-10
PAY002225,272,4,8133,2020-08-15
PAY002226,272,4,7594,2020-09-15
PAY002227,272,4,8619,2020-10-15
PAY002228,272,4,7805,2020-11-15
PAY002229,272,4,8228,2020-12-15
PAY002230,272,4,8650,2021-01-15
PAY002231,272,4,7229,2021-02-15
PAY002232,272,4,8709,2021-03-15
PAY002233,272,4,7689,2021-04-15
PAY002234,272,4,8149,2021-05-15
PAY002235,272,4,8776,2021-06-15
PAY002236,272,4,8045,2021-07-15
PAY002237,272,1,144,2020-08-24
PAY002238,274,4,7639,2020-08-15
PAY002239,274,1,139,2020-08-17
PAY002240,274,2,53,2020-08-14
PAY002241,276,4,8605,2020-08-15
PAY002242,276,4,7214,2020-09-15
PAY002243,276,4,7934,2020-10-15
PAY002244,276,4,8299,2020-11-15
PAY002245,276,4,7632,2020-12-15
PAY002246,276,4,7868,2021-01-15
PAY002247,276,4,8368,2021-02-15
PAY002248,276,4,8609,2021-03-15
PAY002249,276,4,7369,2021-04-15
PAY002250,276,4,8710,2021-05-15
PAY002251,276,4,8474,2021-06-15
PAY002252,276,4,8331,2021-07-15
PAY002253,276,1,163,2020-08-24
PAY002254,276,2,47,2020-08-25
PAY002255,277,4,7428,2020-08-15
PAY002256,277,4,8596,2020-09-15
PAY002257,277,4,8151,2020-10-15
PAY002258,277,4,7533,2020-11-15
PAY002259,277,4,7323,2020-12-15
PAY002260,277,4,8036,2021-01-15
PAY002261,277,4,8090,2021-02-15
PAY002262,277,4,8619,2021-03-15
PAY002263,277,4,8023,2021-04-15
PAY002264,277,4,7884,2021-05-15
PAY002265,277,4,8778,2021-06-15
PAY002266,277,4,7419,2021-07-15
PAY002267,277,2,52,2020-08-19
PAY002268,279,4,7438,2020-08-15
PAY002269,279,4,7885,2020-09-15
PAY002270,279,4,7431,2020-10-15
PAY002271,279,4,8043,2020-11-15
PAY002272,279,4,8357,2020-12-15
PAY002273,279,4,8790,2021-01-15
PAY002274,279,4,8732,2021-02-15
PAY002275,279,4,8280,2021-03-15
PAY002276,279,4,8472,2021-04-15
PAY002277,279,1,135,2020-08-25
PAY002278,279,2,53,2020-08-23
PAY002279,280,4,7335,2020-08-15
PAY002280,280,1,137,2020-08-29
PAY002281,281,4,7371,2020-08-15
PAY002282,281,4,7961,2020-09-15
PAY002283,281,4,8735,2020-10-15
PAY002284,281,4,8723,2020-11-15
PAY002285,281,4,7962,2020-12-15
PAY002286,281,4,8770,2021-01-15
PAY002287,281,4,8303,2021-02-15
PAY002288,281,4,7815,2021-03-15
PAY002289,281,4,7593,2021-04-15
PAY002290,281,1,148,2020-08-25
PAY002291,282,4,7984,2020-08-15
PAY002292,282,4,8164,2020-09-15
PAY002293,282,4,7642,2020-10-15
PAY002294,282,4,7741,2020-11-15
PAY002295,282,4,7673,2020-12-15
PAY002296,282,4,8628,2021-01-15
PAY002297,282,4,7701,2021-02-15
PAY002298,282,4,7749,2021-03-15
PAY002299,282,4,8017,2021-04-15
PAY002300,282,4,8758,2021-05-15
PAY002301,282,4,8528,2021-06-15
PAY002302,282,4,8572,2021-07-15
PAY002303,282,1,149,2020-08-29
PAY002304,283,4,8000,2020-08-15
PAY002305,283,4,7642,2020-09-15
PAY002306,283,4,7608,2020-10-15
PAY002307,283,4,8671,2020-11-15
PAY002308,283,4,7878,2020-12-15
PAY002309,283,4,8572,2021-01-15
PAY002310,283,4,7209,2021-02-15
PAY002311,283,4,8166,2021-03-15
PAY002312,283,4,7656,2021-04-15
PAY002313,283,1,141,2020-08-26
PAY002314,283,2,49,2020-08-27
PAY002315,284,4,8132,2020-08-15
PAY002316,284,4,7657,2020-09-15
PAY002317,284,4,8083,2020-10-15
PAY002318,284,4,8355,2020-11-15
PAY002319,284,4,8781,2020-12-15
PAY002320,284,4,7336,2021-01-15
PAY002321,284,4,8495,2021-02-15
PAY002322,284,4,7480,2021-03-15
PAY002323,284,4,8673,2021-04-15
PAY002324,284,4,7502,2021-05-15
PAY002325,284,4,8720,2021-06-15
PAY002326,284,4,8463,2021-07-15
PAY002327,286,4,7744,2020-08-15
PAY002328,286,4,8785,2020-09-15
PAY002329,286,4,7609,2020-10-15
PAY002330,286,4,7325,2020-11-15
PAY002331,286,4,7554,2020-12-15
PAY002332,286,4,7857,2021-01-15
PAY002333,286,4,7663,2021-02-15
PAY002334,286,4,7579,2021-03-15
PAY002335,286,4,7636,2021-04-15
PAY002336,286,1,151,2020-08-10
PAY002337,286,2,48,2020-08-24
PAY002338,288,4,7893,2020-08-15
PAY002339,288,4,8599,2020-09-15
PAY002340,288,4,7664,2020-10-15
PAY002341,288,4,7694,2020-11-15
PAY002342,288,4,7784,2020-12-15
PAY002343,288,4,7320,2021-01-15
PAY002344,288,4,8759,2021-02-15
PAY002345,288,4,7769,2021-03-15
PAY002346,288,4,8731,2021-04-15
PAY002347,288,1,156,2020-08-12
PAY002348,288,2,48,2020-08-19
PAY002349,290,4,7995,2020-08-15
PAY002350,290,4,8348,2020-09-15
PAY002351,290,4,7368,2020-10-15
PAY002352,290,4,8468,2020-11-15
PAY002353,290,4,8526,2020-12-15
PAY002354,290,4,8102,2021-01-15
PAY002355,290,4,8190,2021-02-15
PAY002356,290,4,7423,2021-03-15
PAY002357,290,4,7956,2021-04-15
PAY002358,290,2,49,2020-08-27
PAY002359,291,4,7409,2020-08-15
PAY002360,291,4,8390,2020-09-15
PAY002361,291,4,8742,2020-10-15
PAY002362,291,4,8221,2020-11-15
PAY002363,291,4,7951,2020-12-15
PAY002364,291,4,7650,2021-01-15
PAY002365,291,4,7640,2021-02-15
PAY002366,291,4,8118,2021-03-15
PAY002367,291,4,8752,2021-04-15
PAY002368,291,2,54,2020-08-10
PAY002369,293,4,8127,2020-08-15
PAY002370,293,1,163,2020-08-28
PAY002371,293,2,50,2020-08-19
PAY002372,294,4,7484,2020-08-15
PAY002373,294,4,7913,2020-09-15
PAY002374,294,4,7753,2020-10-15
PAY002375,294,4,8453,2020-11-15
PAY002376,294,4,7866,2020-12-15
PAY002377,294,4,7404,2021-01-15
PAY002378,294,4,7468,2021-02-15
PAY002379,294,4,8712,2021-03-15
PAY002380,294,4,7903,2021-04-15
PAY002381,294,1,155,2020-08-25
PAY002382,294,2,54,2020-08-18
PAY002383,295,4,8547,2020-08-15
PAY002384,295,4,7421,2020-09-15
PAY002385,295,4,7362,2020-10-15
PAY002386,295,4,7719,2020-11-15
PAY002387,295,4,8661,2020-12-15
PAY002388,295,4,7223,2021-01-15
PAY002389,295,4,7235,2021-02-15
PAY002390,295,4,8727,2021-03-15
PAY002391,295,4,7851,2021-04-15
PAY002392,295,1,144,2020-08-15
PAY002393,295,2,48,2020-08-19
PAY002394,296,4,8042,2020-08-15
PAY002395,296,4,8794,2020-09-15
PAY002396,296,4,7806,2020-10-15
PAY002397,296,4,8670,2020-11-15
PAY002398,296,4,8391,2020-12-15
PAY002399,296,4,8254,2021-01-15
PAY002400,296,4,7998,2021-02-15
PAY002401,296,4,8724,2021-03-15
PAY002402,296,4,7214,2021-04-15
PAY002403,296,1,144,2020-08-23
PAY002404,296,2,53,2020-08-10
PAY002405,297,4,8159,2020-08-15
PAY002406,297,4,7921,2020-09-15
PAY002407,297,4,8364,2020-10-15
PAY002408,297,4,8506,2020-11-15
PAY002409,297,4,7709,2020-12-15
PAY002410,297,4,8256,2021-01-15
PAY002411,297,4,8038,2021-02-15
PAY002412,297,4,7851,2021-03-15
PAY002413,297,4,8583,2021-04-15
PAY002414,297,1,160,2020-08-20
PAY002415,297,2,51,2020-08-27
PAY002416,298,4,7758,2020-08-15
PAY002417,298,4,8001,2020-09-15
PAY002418,298,4,8695,2020-10-15
PAY002419,298,4,8791,2020-11-15
PAY002420,298,4,7534,2020-12-15
PAY002421,298,4,7860,2021-01-15
PAY002422,298,4,7654,2021-02-15
PAY002423,298,4,8562,2021-03-15
PAY002424,298,4,7309,2021-04-15
PAY002425,298,1,155,2020-08-17
PAY002426,298,2,49,2020-08-21
PAY002427,300,4,8392,2020-08-15
PAY002428,300,4,8116,2020-09-15
PAY002429,300,4,8661,2020-10-15
PAY002430,300,4,7424,2020-11-15
PAY002431,300,4,7454,2020-12-15
PAY002432,300,4,8577,2021-01-15
PAY002433,300,4,8604,2021-02-15
PAY002434,300,4,8141,2021-03-15
PAY002435,300,4,8560,2021-04-15
PAY002436,300,4,7645,2021-05-15
PAY002437,300,4,8249,2021-06-15
PAY002438,300,4,8577,2021-07-15
PAY002439,302,4,7482,2020-08-15
PAY002440,302,4,8520,2020-09-15
PAY002441,302,4,7919,2020-10-15
PAY002442,302,4,7974,2020-11-15
PAY002443,302,4,8593,2020-12-15
PAY002444,302,4,7268,2021-01-15
PAY002445,302,4,8127,2021-02-15
PAY002446,302,4,7690,2021-03-15
PAY002447,302,4,7568,2021-04-15
PAY002448,302,1,149,2020-08-27
PAY002449,302,2,51,2020-08-15
PAY002450,303,4,7623,2020-08-15
PAY002451,303,4,7411,2020-09-15
PAY002452,303,4,7359,2020-10-15
PAY002453,303,4,8148,2020-11-15
PAY002454,303,4,7562,2020-12-15
PAY002455,303,4,8596,2021-01-15
PAY002456,303,4,8358,2021-02-15
PAY002457,303,4,8693,2021-03-15
PAY002458,303,4,7617,2021-04-15
PAY002459,303,1,145,2020-08-20
PAY002460,303,2,51,2020-08-26
PAY002461,304,4,7389,2020-08-15
PAY002462,304,4,8350,2020-09-15
PAY002463,304,4,7244,2020-10-15
PAY002464,304,4,7844,2020-11-15
PAY002465,304,4,7610,2020-12-15
PAY002466,304,4,7617,2021-01-15
PAY002467,304,4,8068,2021-02-15
PAY002468,304,4,7946,2021-03-15
PAY002469,304,4,7388,2021-04-15
PAY002470,304,4,7801,2021-05-15
PAY002471,304,4,8016,2021-06-15
PAY002472,304,4,7534,2021-07-15
PAY002473,304,1,153,2020-08-27
PAY002474,304,2,48,2020-08-16
PAY002475,305,4,8328,2020-08-15
PAY002476,305,1,161,2020-08-22
PAY002477,305,2,54,2020-08-12
PAY002478,307,4,7383,2020-08-15
PAY002479,307,4,8370,2020-09-15
PAY002480,307,4,8375,2020-10-15
PAY002481,307,4,7630,2020-11-15
PAY002482,307,4,7371,2020-12-15
PAY002483,307,4,7918,2021-01-15
PAY002484,307,4,7371,2021-02-15
PAY002485,307,4,8116,2021-03-15
PAY002486,307,4,8739,2021-04-15
PAY002487,307,4,8620,2021-05-15
PAY002488,307,4,7849,2021-06-15
PAY002489,307,4,8070,2021-07-15
PAY002490,307,2,48,2020-08-19
PAY002491,308,4,7564,2020-08-15
PAY002492,308,4,7555,2020-09-15
PAY002493,308,4,7441,2020-10-15
PAY002494,308,4,7309,2020-11-15
PAY002495,308,4,7870,2020-12-15
PAY002496,308,4,7209,2021-01-15
PAY002497,308,4,7501,2021-02-15
PAY002498,308,4,8312,2021-03-15
PAY002499,308,4,7964,2021-04-15
PAY002500,308,4,8033,2021-05-15
PAY002501,308,4,8393,2021-06-15
PAY002502,308,4,7865,2021-07-15
PAY002503,308,1,155,2020-08-20
PAY002504,308,2,46,2020-08-12
