enrollment_id,student_id,class_id
ENR000001,1,1
ENR000002,2,1
ENR000003,3,1
ENR000004,4,1
ENR000005,5,1
ENR000006,7,1
ENR000007,8,1
ENR000008,9,1
ENR000009,10,1
ENR000010,11,1
ENR000011,12,1
ENR000012,13,1
ENR000013,14,1
ENR000014,15,1
ENR000015,16,1
ENR000016,17,1
ENR000017,18,1
ENR000018,19,1
ENR000019,20,1
ENR000020,21,1
ENR000021,22,1
ENR000022,23,1
ENR000023,24,1
ENR000024,25,1
ENR000025,26,1
ENR000026,27,1
ENR000027,28,1
ENR000028,29,1
ENR000029,31,1
ENR000030,32,1
ENR000031,33,1
ENR000032,34,1
ENR000033,35,1
ENR000034,36,1
ENR000035,37,1
ENR000036,38,1
ENR000037,39,1
ENR000038,638,1
ENR000039,1,2
ENR000040,2,2
ENR000041,3,2
ENR000042,4,2
ENR000043,5,2
ENR000044,7,2
ENR000045,8,2
ENR000046,9,2
ENR000047,10,2
ENR000048,11,2
ENR000049,12,2
ENR000050,13,2
ENR000051,14,2
ENR000052,15,2
ENR000053,16,2
ENR000054,17,2
ENR000055,18,2
ENR000056,19,2
ENR000057,20,2
ENR000058,21,2
ENR000059,22,2
ENR000060,23,2
ENR000061,24,2
ENR000062,25,2
ENR000063,26,2
ENR000064,27,2
ENR000065,28,2
ENR000066,29,2
ENR000067,31,2
ENR000068,32,2
ENR000069,33,2
ENR000070,34,2
ENR000071,35,2
ENR000072,36,2
ENR000073,37,2
ENR000074,38,2
ENR000075,39,2
ENR000076,638,2
ENR000077,1,3
ENR000078,2,3
ENR000079,3,3
ENR000080,4,3
ENR000081,5,3
ENR000082,7,3
ENR000083,8,3
ENR000084,9,3
ENR000085,10,3
ENR000086,11,3
ENR000087,12,3
ENR000088,13,3
ENR000089,14,3
ENR000090,15,3
ENR000091,16,3
ENR000092,17,3
ENR000093,18,3
ENR000094,19,3
ENR000095,20,3
ENR000096,21,3
ENR000097,22,3
ENR000098,23,3
ENR000099,24,3
ENR000100,25,3
ENR000101,26,3
ENR000102,27,3
ENR000103,28,3
ENR000104,29,3
ENR000105,31,3
ENR000106,32,3
ENR000107,33,3
ENR000108,34,3
ENR000109,35,3
ENR000110,36,3
ENR000111,37,3
ENR000112,38,3
ENR000113,39,3
ENR000114,638,3
ENR000115,1,4
ENR000116,2,4
ENR000117,3,4
ENR000118,4,4
ENR000119,5,4
ENR000120,7,4
ENR000121,8,4
ENR000122,9,4
ENR000123,10,4
ENR000124,11,4
ENR000125,12,4
ENR000126,13,4
ENR000127,14,4
ENR000128,15,4
ENR000129,16,4
ENR000130,17,4
ENR000131,18,4
ENR000132,19,4
ENR000133,20,4
ENR000134,21,4
ENR000135,22,4
ENR000136,23,4
ENR000137,24,4
ENR000138,25,4
ENR000139,26,4
ENR000140,27,4
ENR000141,28,4
ENR000142,29,4
ENR000143,31,4
ENR000144,32,4
ENR000145,33,4
ENR000146,34,4
ENR000147,35,4
ENR000148,36,4
ENR000149,37,4
ENR000150,38,4
ENR000151,39,4
ENR000152,638,4
ENR000153,1,5
ENR000154,2,5
ENR000155,3,5
ENR000156,4,5
ENR000157,5,5
ENR000158,7,5
ENR000159,8,5
ENR000160,9,5
ENR000161,10,5
ENR000162,11,5
ENR000163,12,5
ENR000164,13,5
ENR000165,14,5
ENR000166,15,5
ENR000167,16,5
ENR000168,17,5
ENR000169,18,5
ENR000170,19,5
ENR000171,20,5
ENR000172,21,5
ENR000173,22,5
ENR000174,23,5
ENR000175,24,5
ENR000176,25,5
ENR000177,26,5
ENR000178,27,5
ENR000179,28,5
ENR000180,29,5
ENR000181,31,5
ENR000182,32,5
ENR000183,33,5
ENR000184,34,5
ENR000185,35,5
ENR000186,36,5
ENR000187,37,5
ENR000188,38,5
ENR000189,39,5
ENR000190,638,5
ENR000191,40,6
ENR000192,41,6
ENR000193,43,6
ENR000194,44,6
ENR000195,45,6
ENR000196,46,6
ENR000197,47,6
ENR000198,48,6
ENR000199,49,6
ENR000200,50,6
ENR000201,51,6
ENR000202,52,6
ENR000203,53,6
ENR000204,54,6
ENR000205,55,6
ENR000206,56,6
ENR000207,57,6
ENR000208,58,6
ENR000209,59,6
ENR000210,60,6
ENR000211,61,6
ENR000212,62,6
ENR000213,63,6
ENR000214,64,6
ENR000215,65,6
ENR000216,66,6
ENR000217,67,6
ENR000218,68,6
ENR000219,69,6
ENR000220,70,6
ENR000221,71,6
ENR000222,72,6
ENR000223,73,6
ENR000224,74,6
ENR000225,75,6
ENR000226,76,6
ENR000227,77,6
ENR000228,78,6
ENR000229,543,6
ENR000230,40,7
ENR000231,41,7
ENR000232,43,7
ENR000233,44,7
ENR000234,45,7
ENR000235,46,7
ENR000236,47,7
ENR000237,48,7
ENR000238,49,7
ENR000239,50,7
ENR000240,51,7
ENR000241,52,7
ENR000242,53,7
ENR000243,54,7
ENR000244,55,7
ENR000245,56,7
ENR000246,57,7
ENR000247,58,7
ENR000248,59,7
ENR000249,60,7
ENR000250,61,7
ENR000251,62,7
ENR000252,63,7
ENR000253,64,7
ENR000254,65,7
ENR000255,66,7
ENR000256,67,7
ENR000257,68,7
ENR000258,69,7
ENR000259,70,7
ENR000260,71,7
ENR000261,72,7
ENR000262,73,7
ENR000263,74,7
ENR000264,75,7
ENR000265,76,7
ENR000266,77,7
ENR000267,78,7
ENR000268,543,7
ENR000269,40,8
ENR000270,41,8
ENR000271,43,8
ENR000272,44,8
ENR000273,45,8
ENR000274,46,8
ENR000275,47,8
ENR000276,48,8
ENR000277,49,8
ENR000278,50,8
ENR000279,51,8
ENR000280,52,8
ENR000281,53,8
ENR000282,54,8
ENR000283,55,8
ENR000284,56,8
ENR000285,57,8
ENR000286,58,8
ENR000287,59,8
ENR000288,60,8
ENR000289,61,8
ENR000290,62,8
ENR000291,63,8
ENR000292,64,8
ENR000293,65,8
ENR000294,66,8
ENR000295,67,8
ENR000296,68,8
ENR000297,69,8
ENR000298,70,8
ENR000299,71,8
ENR000300,72,8
ENR000301,73,8
ENR000302,74,8
ENR000303,75,8
ENR000304,76,8
ENR000305,77,8
ENR000306,78,8
ENR000307,543,8
ENR000308,40,9
ENR000309,41,9
ENR000310,43,9
ENR000311,44,9
ENR000312,45,9
ENR000313,46,9
ENR000314,47,9
ENR000315,48,9
ENR000316,49,9
ENR000317,50,9
ENR000318,51,9
ENR000319,52,9
ENR000320,53,9
ENR000321,54,9
ENR000322,55,9
ENR000323,56,9
ENR000324,57,9
ENR000325,58,9
ENR000326,59,9
ENR000327,60,9
ENR000328,61,9
ENR000329,62,9
ENR000330,63,9
ENR000331,64,9
ENR000332,65,9
ENR000333,66,9
ENR000334,67,9
ENR000335,68,9
ENR000336,69,9
ENR000337,70,9
ENR000338,71,9
ENR000339,72,9
ENR000340,73,9
ENR000341,74,9
ENR000342,75,9
ENR000343,76,9
ENR000344,77,9
ENR000345,78,9
ENR000346,543,9
ENR000347,40,10
ENR000348,41,10
ENR000349,43,10
ENR000350,44,10
ENR000351,45,10
ENR000352,46,10
ENR000353,47,10
ENR000354,48,10
ENR000355,49,10
ENR000356,50,10
ENR000357,51,10
ENR000358,52,10
ENR000359,53,10
ENR000360,54,10
ENR000361,55,10
ENR000362,56,10
ENR000363,57,10
ENR000364,58,10
ENR000365,59,10
ENR000366,60,10
ENR000367,61,10
ENR000368,62,10
ENR000369,63,10
ENR000370,64,10
ENR000371,65,10
ENR000372,66,10
ENR000373,67,10
ENR000374,68,10
ENR000375,69,10
ENR000376,70,10
ENR000377,71,10
ENR000378,72,10
ENR000379,73,10
ENR000380,74,10
ENR000381,75,10
ENR000382,76,10
ENR000383,77,10
ENR000384,78,10
ENR000385,543,10
ENR000386,79,11
ENR000387,80,11
ENR000388,82,11
ENR000389,83,11
ENR000390,84,11
ENR000391,85,11
ENR000392,86,11
ENR000393,87,11
ENR000394,88,11
ENR000395,89,11
ENR000396,90,11
ENR000397,91,11
ENR000398,92,11
ENR000399,93,11
ENR000400,94,11
ENR000401,95,11
ENR000402,96,11
ENR000403,97,11
ENR000404,98,11
ENR000405,99,11
ENR000406,100,11
ENR000407,101,11
ENR000408,102,11
ENR000409,103,11
ENR000410,104,11
ENR000411,105,11
ENR000412,106,11
ENR000413,108,11
ENR000414,109,11
ENR000415,110,11
ENR000416,112,11
ENR000417,113,11
ENR000418,114,11
ENR000419,115,11
ENR000420,116,11
ENR000421,117,11
ENR000422,641,11
ENR000423,690,11
ENR000424,692,11
ENR000425,79,12
ENR000426,80,12
ENR000427,82,12
ENR000428,83,12
ENR000429,84,12
ENR000430,85,12
ENR000431,86,12
ENR000432,87,12
ENR000433,88,12
ENR000434,89,12
ENR000435,90,12
ENR000436,91,12
ENR000437,92,12
ENR000438,93,12
ENR000439,94,12
ENR000440,95,12
ENR000441,96,12
ENR000442,97,12
ENR000443,98,12
ENR000444,99,12
ENR000445,100,12
ENR000446,101,12
ENR000447,102,12
ENR000448,103,12
ENR000449,104,12
ENR000450,105,12
ENR000451,106,12
ENR000452,108,12
ENR000453,109,12
ENR000454,110,12
ENR000455,112,12
ENR000456,113,12
ENR000457,114,12
ENR000458,115,12
ENR000459,116,12
ENR000460,117,12
ENR000461,641,12
ENR000462,690,12
ENR000463,692,12
ENR000464,79,13
ENR000465,80,13
ENR000466,82,13
ENR000467,83,13
ENR000468,84,13
ENR000469,85,13
ENR000470,86,13
ENR000471,87,13
ENR000472,88,13
ENR000473,89,13
ENR000474,90,13
ENR000475,91,13
ENR000476,92,13
ENR000477,93,13
ENR000478,94,13
ENR000479,95,13
ENR000480,96,13
ENR000481,97,13
ENR000482,98,13
ENR000483,99,13
ENR000484,100,13
ENR000485,101,13
ENR000486,102,13
ENR000487,103,13
ENR000488,104,13
ENR000489,105,13
ENR000490,106,13
ENR000491,108,13
ENR000492,109,13
ENR000493,110,13
ENR000494,112,13
ENR000495,113,13
ENR000496,114,13
ENR000497,115,13
ENR000498,116,13
ENR000499,117,13
ENR000500,641,13
ENR000501,690,13
ENR000502,692,13
ENR000503,79,14
ENR000504,80,14
ENR000505,82,14
ENR000506,83,14
ENR000507,84,14
ENR000508,85,14
ENR000509,86,14
ENR000510,87,14
ENR000511,88,14
ENR000512,89,14
ENR000513,90,14
ENR000514,91,14
ENR000515,92,14
ENR000516,93,14
ENR000517,94,14
ENR000518,95,14
ENR000519,96,14
ENR000520,97,14
ENR000521,98,14
ENR000522,99,14
ENR000523,100,14
ENR000524,101,14
ENR000525,102,14
ENR000526,103,14
ENR000527,104,14
ENR000528,105,14
ENR000529,106,14
ENR000530,108,14
ENR000531,109,14
ENR000532,110,14
ENR000533,112,14
ENR000534,113,14
ENR000535,114,14
ENR000536,115,14
ENR000537,116,14
ENR000538,117,14
ENR000539,641,14
ENR000540,690,14
ENR000541,692,14
ENR000542,79,15
ENR000543,80,15
ENR000544,82,15
ENR000545,83,15
ENR000546,84,15
ENR000547,85,15
ENR000548,86,15
ENR000549,87,15
ENR000550,88,15
ENR000551,89,15
ENR000552,90,15
ENR000553,91,15
ENR000554,92,15
ENR000555,93,15
ENR000556,94,15
ENR000557,95,15
ENR000558,96,15
ENR000559,97,15
ENR000560,98,15
ENR000561,99,15
ENR000562,100,15
ENR000563,101,15
ENR000564,102,15
ENR000565,103,15
ENR000566,104,15
ENR000567,105,15
ENR000568,106,15
ENR000569,108,15
ENR000570,109,15
ENR000571,110,15
ENR000572,112,15
ENR000573,113,15
ENR000574,114,15
ENR000575,115,15
ENR000576,116,15
ENR000577,117,15
ENR000578,641,15
ENR000579,690,15
ENR000580,692,15
ENR000581,79,16
ENR000582,80,16
ENR000583,82,16
ENR000584,83,16
ENR000585,84,16
ENR000586,85,16
ENR000587,86,16
ENR000588,87,16
ENR000589,88,16
ENR000590,89,16
ENR000591,90,16
ENR000592,91,16
ENR000593,92,16
ENR000594,93,16
ENR000595,94,16
ENR000596,95,16
ENR000597,96,16
ENR000598,97,16
ENR000599,98,16
ENR000600,99,16
ENR000601,100,16
ENR000602,101,16
ENR000603,102,16
ENR000604,103,16
ENR000605,104,16
ENR000606,105,16
ENR000607,106,16
ENR000608,108,16
ENR000609,109,16
ENR000610,110,16
ENR000611,112,16
ENR000612,113,16
ENR000613,114,16
ENR000614,115,16
ENR000615,116,16
ENR000616,117,16
ENR000617,641,16
ENR000618,690,16
ENR000619,692,16
ENR000620,79,17
ENR000621,80,17
ENR000622,82,17
ENR000623,83,17
ENR000624,84,17
ENR000625,85,17
ENR000626,86,17
ENR000627,87,17
ENR000628,88,17
ENR000629,89,17
ENR000630,90,17
ENR000631,91,17
ENR000632,92,17
ENR000633,93,17
ENR000634,94,17
ENR000635,95,17
ENR000636,96,17
ENR000637,97,17
ENR000638,98,17
ENR000639,99,17
ENR000640,100,17
ENR000641,101,17
ENR000642,102,17
ENR000643,103,17
ENR000644,104,17
ENR000645,105,17
ENR000646,106,17
ENR000647,108,17
ENR000648,109,17
ENR000649,110,17
ENR000650,112,17
ENR000651,113,17
ENR000652,114,17
ENR000653,115,17
ENR000654,116,17
ENR000655,117,17
ENR000656,641,17
ENR000657,690,17
ENR000658,692,17
ENR000659,118,18
ENR000660,119,18
ENR000661,120,18
ENR000662,121,18
ENR000663,122,18
ENR000664,123,18
ENR000665,124,18
ENR000666,125,18
ENR000667,126,18
ENR000668,127,18
ENR000669,128,18
ENR000670,129,18
ENR000671,130,18
ENR000672,131,18
ENR000673,132,18
ENR000674,133,18
ENR000675,134,18
ENR000676,135,18
ENR000677,136,18
ENR000678,137,18
ENR000679,138,18
ENR000680,139,18
ENR000681,140,18
ENR000682,141,18
ENR000683,142,18
ENR000684,143,18
ENR000685,144,18
ENR000686,145,18
ENR000687,146,18
ENR000688,147,18
ENR000689,148,18
ENR000690,149,18
ENR000691,150,18
ENR000692,151,18
ENR000693,153,18
ENR000694,154,18
ENR000695,155,18
ENR000696,156,18
ENR000697,118,19
ENR000698,119,19
ENR000699,120,19
ENR000700,121,19
ENR000701,122,19
ENR000702,123,19
ENR000703,124,19
ENR000704,125,19
ENR000705,126,19
ENR000706,127,19
ENR000707,128,19
ENR000708,129,19
ENR000709,130,19
ENR000710,131,19
ENR000711,132,19
ENR000712,133,19
ENR000713,134,19
ENR000714,135,19
ENR000715,136,19
ENR000716,137,19
ENR000717,138,19
ENR000718,139,19
ENR000719,140,19
ENR000720,141,19
ENR000721,142,19
ENR000722,143,19
ENR000723,144,19
ENR000724,145,19
ENR000725,146,19
ENR000726,147,19
ENR000727,148,19
ENR000728,149,19
ENR000729,150,19
ENR000730,151,19
ENR000731,153,19
ENR000732,154,19
ENR000733,155,19
ENR000734,156,19
ENR000735,118,20
ENR000736,119,20
ENR000737,120,20
ENR000738,121,20
ENR000739,122,20
ENR000740,123,20
ENR000741,124,20
ENR000742,125,20
ENR000743,126,20
ENR000744,127,20
ENR000745,128,20
ENR000746,129,20
ENR000747,130,20
ENR000748,131,20
ENR000749,132,20
ENR000750,133,20
ENR000751,134,20
ENR000752,135,20
ENR000753,136,20
ENR000754,137,20
ENR000755,138,20
ENR000756,139,20
ENR000757,140,20
ENR000758,141,20
ENR000759,142,20
ENR000760,143,20
ENR000761,144,20
ENR000762,145,20
ENR000763,146,20
ENR000764,147,20
ENR000765,148,20
ENR000766,149,20
ENR000767,150,20
ENR000768,151,20
ENR000769,153,20
ENR000770,154,20
ENR000771,155,20
ENR000772,156,20
ENR000773,118,21
ENR000774,119,21
ENR000775,120,21
ENR000776,121,21
ENR000777,122,21
ENR000778,123,21
ENR000779,124,21
ENR000780,125,21
ENR000781,126,21
ENR000782,127,21
ENR000783,128,21
ENR000784,129,21
ENR000785,130,21
ENR000786,131,21
ENR000787,132,21
ENR000788,133,21
ENR000789,134,21
ENR000790,135,21
ENR000791,136,21
ENR000792,137,21
ENR000793,138,21
ENR000794,139,21
ENR000795,140,21
ENR000796,141,21
ENR000797,142,21
ENR000798,143,21
ENR000799,144,21
ENR000800,145,21
ENR000801,146,21
ENR000802,147,21
ENR000803,148,21
ENR000804,149,21
ENR000805,150,21
ENR000806,151,21
ENR000807,153,21
ENR000808,154,21
ENR000809,155,21
ENR000810,156,21
ENR000811,118,22
ENR000812,119,22
ENR000813,120,22
ENR000814,121,22
ENR000815,122,22
ENR000816,123,22
ENR000817,124,22
ENR000818,125,22
ENR000819,126,22
ENR000820,127,22
ENR000821,128,22
ENR000822,129,22
ENR000823,130,22
ENR000824,131,22
ENR000825,132,22
ENR000826,133,22
ENR000827,134,22
ENR000828,135,22
ENR000829,136,22
ENR000830,137,22
ENR000831,138,22
ENR000832,139,22
ENR000833,140,22
ENR000834,141,22
ENR000835,142,22
ENR000836,143,22
ENR000837,144,22
ENR000838,145,22
ENR000839,146,22
ENR000840,147,22
ENR000841,148,22
ENR000842,149,22
ENR000843,150,22
ENR000844,151,22
ENR000845,153,22
ENR000846,154,22
ENR000847,155,22
ENR000848,156,22
ENR000849,118,23
ENR000850,119,23
ENR000851,120,23
ENR000852,121,23
ENR000853,122,23
ENR000854,123,23
ENR000855,124,23
ENR000856,125,23
ENR000857,126,23
ENR000858,127,23
ENR000859,128,23
ENR000860,129,23
ENR000861,130,23
ENR000862,131,23
ENR000863,132,23
ENR000864,133,23
ENR000865,134,23
ENR000866,135,23
ENR000867,136,23
ENR000868,137,23
ENR000869,138,23
ENR000870,139,23
ENR000871,140,23
ENR000872,141,23
ENR000873,142,23
ENR000874,143,23
ENR000875,144,23
ENR000876,145,23
ENR000877,146,23
ENR000878,147,23
ENR000879,148,23
ENR000880,149,23
ENR000881,150,23
ENR000882,151,23
ENR000883,153,23
ENR000884,154,23
ENR000885,155,23
ENR000886,156,23
ENR000887,118,24
ENR000888,119,24
ENR000889,120,24
ENR000890,121,24
ENR000891,122,24
ENR000892,123,24
ENR000893,124,24
ENR000894,125,24
ENR000895,126,24
ENR000896,127,24
ENR000897,128,24
ENR000898,129,24
ENR000899,130,24
ENR000900,131,24
ENR000901,132,24
ENR000902,133,24
ENR000903,134,24
ENR000904,135,24
ENR000905,136,24
ENR000906,137,24
ENR000907,138,24
ENR000908,139,24
ENR000909,140,24
ENR000910,141,24
ENR000911,142,24
ENR000912,143,24
ENR000913,144,24
ENR000914,145,24
ENR000915,146,24
ENR000916,147,24
ENR000917,148,24
ENR000918,149,24
ENR000919,150,24
ENR000920,151,24
ENR000921,153,24
ENR000922,154,24
ENR000923,155,24
ENR000924,156,24
ENR000925,157,25
ENR000926,158,25
ENR000927,159,25
ENR000928,160,25
ENR000929,161,25
ENR000930,162,25
ENR000931,163,25
ENR000932,164,25
ENR000933,165,25
ENR000934,166,25
ENR000935,167,25
ENR000936,168,25
ENR000937,169,25
ENR000938,170,25
ENR000939,171,25
ENR000940,172,25
ENR000941,173,25
ENR000942,174,25
ENR000943,175,25
ENR000944,176,25
ENR000945,177,25
ENR000946,178,25
ENR000947,179,25
ENR000948,180,25
ENR000949,181,25
ENR000950,182,25
ENR000951,183,25
ENR000952,184,25
ENR000953,185,25
ENR000954,186,25
ENR000955,187,25
ENR000956,188,25
ENR000957,189,25
ENR000958,190,25
ENR000959,191,25
ENR000960,192,25
ENR000961,194,25
ENR000962,195,25
ENR000963,157,26
ENR000964,158,26
ENR000965,159,26
ENR000966,160,26
ENR000967,161,26
ENR000968,162,26
ENR000969,163,26
ENR000970,164,26
ENR000971,165,26
ENR000972,166,26
ENR000973,167,26
ENR000974,168,26
ENR000975,169,26
ENR000976,170,26
ENR000977,171,26
ENR000978,172,26
ENR000979,173,26
ENR000980,174,26
ENR000981,175,26
ENR000982,176,26
ENR000983,177,26
ENR000984,178,26
ENR000985,179,26
ENR000986,180,26
ENR000987,181,26
ENR000988,182,26
ENR000989,183,26
ENR000990,184,26
ENR000991,185,26
ENR000992,186,26
ENR000993,187,26
ENR000994,188,26
ENR000995,189,26
ENR000996,190,26
ENR000997,191,26
ENR000998,192,26
ENR000999,194,26
ENR001000,195,26
ENR001001,157,27
ENR001002,158,27
ENR001003,159,27
ENR001004,160,27
ENR001005,161,27
ENR001006,162,27
ENR001007,163,27
ENR001008,164,27
ENR001009,165,27
ENR001010,166,27
ENR001011,167,27
ENR001012,168,27
ENR001013,169,27
ENR001014,170,27
ENR001015,171,27
ENR001016,172,27
ENR001017,173,27
ENR001018,174,27
ENR001019,175,27
ENR001020,176,27
ENR001021,177,27
ENR001022,178,27
ENR001023,179,27
ENR001024,180,27
ENR001025,181,27
ENR001026,182,27
ENR001027,183,27
ENR001028,184,27
ENR001029,185,27
ENR001030,186,27
ENR001031,187,27
ENR001032,188,27
ENR001033,189,27
ENR001034,190,27
ENR001035,191,27
ENR001036,192,27
ENR001037,194,27
ENR001038,195,27
ENR001039,157,28
ENR001040,158,28
ENR001041,159,28
ENR001042,160,28
ENR001043,161,28
ENR001044,162,28
ENR001045,163,28
ENR001046,164,28
ENR001047,165,28
ENR001048,166,28
ENR001049,167,28
ENR001050,168,28
ENR001051,169,28
ENR001052,170,28
ENR001053,171,28
ENR001054,172,28
ENR001055,173,28
ENR001056,174,28
ENR001057,175,28
ENR001058,176,28
ENR001059,177,28
ENR001060,178,28
ENR001061,179,28
ENR001062,180,28
ENR001063,181,28
ENR001064,182,28
ENR001065,183,28
ENR001066,184,28
ENR001067,185,28
ENR001068,186,28
ENR001069,187,28
ENR001070,188,28
ENR001071,189,28
ENR001072,190,28
ENR001073,191,28
ENR001074,192,28
ENR001075,194,28
ENR001076,195,28
ENR001077,157,29
ENR001078,158,29
ENR001079,159,29
ENR001080,160,29
ENR001081,161,29
ENR001082,162,29
ENR001083,163,29
ENR001084,164,29
ENR001085,165,29
ENR001086,166,29
ENR001087,167,29
ENR001088,168,29
ENR001089,169,29
ENR001090,170,29
ENR001091,171,29
ENR001092,172,29
ENR001093,173,29
ENR001094,174,29
ENR001095,175,29
ENR001096,176,29
ENR001097,177,29
ENR001098,178,29
ENR001099,179,29
ENR001100,180,29
ENR001101,181,29
ENR001102,182,29
ENR001103,183,29
ENR001104,184,29
ENR001105,185,29
ENR001106,186,29
ENR001107,187,29
ENR001108,188,29
ENR001109,189,29
ENR001110,190,29
ENR001111,191,29
ENR001112,192,29
ENR001113,194,29
ENR001114,195,29
ENR001115,157,30
ENR001116,158,30
ENR001117,159,30
ENR001118,160,30
ENR001119,161,30
ENR001120,162,30
ENR001121,163,30
ENR001122,164,30
ENR001123,165,30
ENR001124,166,30
ENR001125,167,30
ENR001126,168,30
ENR001127,169,30
ENR001128,170,30
ENR001129,171,30
ENR001130,172,30
ENR001131,173,30
ENR001132,174,30
ENR001133,175,30
ENR001134,176,30
ENR001135,177,30
ENR001136,178,30
ENR001137,179,30
ENR001138,180,30
ENR001139,181,30
ENR001140,182,30
ENR001141,183,30
ENR001142,184,30
ENR001143,185,30
ENR001144,186,30
ENR001145,187,30
ENR001146,188,30
ENR001147,189,30
ENR001148,190,30
ENR001149,191,30
ENR001150,192,30
ENR001151,194,30
ENR001152,195,30
ENR001153,157,31
ENR001154,158,31
ENR001155,159,31
ENR001156,160,31
ENR001157,161,31
ENR001158,162,31
ENR001159,163,31
ENR001160,164,31
ENR001161,165,31
ENR001162,166,31
ENR001163,167,31
ENR001164,168,31
ENR001165,169,31
ENR001166,170,31
ENR001167,171,31
ENR001168,172,31
ENR001169,173,31
ENR001170,174,31
ENR001171,175,31
ENR001172,176,31
ENR001173,177,31
ENR001174,178,31
ENR001175,179,31
ENR001176,180,31
ENR001177,181,31
ENR001178,182,31
ENR001179,183,31
ENR001180,184,31
ENR001181,185,31
ENR001182,186,31
ENR001183,187,31
ENR001184,188,31
ENR001185,189,31
ENR001186,190,31
ENR001187,191,31
ENR001188,192,31
ENR001189,194,31
ENR001190,195,31
ENR001191,196,32
ENR001192,197,32
ENR001193,198,32
ENR001194,199,32
ENR001195,200,32
ENR001196,201,32
ENR001197,202,32
ENR001198,203,32
ENR001199,204,32
ENR001200,205,32
ENR001201,206,32
ENR001202,207,32
ENR001203,208,32
ENR001204,209,32
ENR001205,210,32
ENR001206,211,32
ENR001207,212,32
ENR001208,213,32
ENR001209,214,32
ENR001210,215,32
ENR001211,216,32
ENR001212,217,32
ENR001213,218,32
ENR001214,219,32
ENR001215,220,32
ENR001216,221,32
ENR001217,222,32
ENR001218,223,32
ENR001219,224,32
ENR001220,225,32
ENR001221,226,32
ENR001222,227,32
ENR001223,228,32
ENR001224,229,32
ENR001225,230,32
ENR001226,231,32
ENR001227,232,32
ENR001228,233,32
ENR001229,234,32
ENR001230,546,32
ENR001231,591,32
ENR001232,196,33
ENR001233,197,33
ENR001234,198,33
ENR001235,199,33
ENR001236,200,33
ENR001237,201,33
ENR001238,202,33
ENR001239,203,33
ENR001240,204,33
ENR001241,205,33
ENR001242,206,33
ENR001243,207,33
ENR001244,208,33
ENR001245,209,33
ENR001246,210,33
ENR001247,211,33
ENR001248,212,33
ENR001249,213,33
ENR001250,214,33
ENR001251,215,33
ENR001252,216,33
ENR001253,217,33
ENR001254,218,33
ENR001255,219,33
ENR001256,220,33
ENR001257,221,33
ENR001258,222,33
ENR001259,223,33
ENR001260,224,33
ENR001261,225,33
ENR001262,226,33
ENR001263,227,33
ENR001264,228,33
ENR001265,229,33
ENR001266,230,33
ENR001267,231,33
ENR001268,232,33
ENR001269,233,33
ENR001270,234,33
ENR001271,546,33
ENR001272,591,33
ENR001273,196,34
ENR001274,197,34
ENR001275,198,34
ENR001276,199,34
ENR001277,200,34
ENR001278,201,34
ENR001279,202,34
ENR001280,203,34
ENR001281,204,34
ENR001282,205,34
ENR001283,206,34
ENR001284,207,34
ENR001285,208,34
ENR001286,209,34
ENR001287,210,34
ENR001288,211,34
ENR001289,212,34
ENR001290,213,34
ENR001291,214,34
ENR001292,215,34
ENR001293,216,34
ENR001294,217,34
ENR001295,218,34
ENR001296,219,34
ENR001297,220,34
ENR001298,221,34
ENR001299,222,34
ENR001300,223,34
ENR001301,224,34
ENR001302,225,34
ENR001303,226,34
ENR001304,227,34
ENR001305,228,34
ENR001306,229,34
ENR001307,230,34
ENR001308,231,34
ENR001309,232,34
ENR001310,233,34
ENR001311,234,34
ENR001312,546,34
ENR001313,591,34
ENR001314,196,35
ENR001315,197,35
ENR001316,198,35
ENR001317,199,35
ENR001318,200,35
ENR001319,201,35
ENR001320,202,35
ENR001321,203,35
ENR001322,204,35
ENR001323,205,35
ENR001324,206,35
ENR001325,207,35
ENR001326,208,35
ENR001327,209,35
ENR001328,210,35
ENR001329,211,35
ENR001330,212,35
ENR001331,213,35
ENR001332,214,35
ENR001333,215,35
ENR001334,216,35
ENR001335,217,35
ENR001336,218,35
ENR001337,219,35
ENR001338,220,35
ENR001339,221,35
ENR001340,222,35
ENR001341,223,35
ENR001342,224,35
ENR001343,225,35
ENR001344,226,35
ENR001345,227,35
ENR001346,228,35
ENR001347,229,35
ENR001348,230,35
ENR001349,231,35
ENR001350,232,35
ENR001351,233,35
ENR001352,234,35
ENR001353,546,35
ENR001354,591,35
ENR001355,196,36
ENR001356,197,36
ENR001357,198,36
ENR001358,199,36
ENR001359,200,36
ENR001360,201,36
ENR001361,202,36
ENR001362,203,36
ENR001363,204,36
ENR001364,205,36
ENR001365,206,36
ENR001366,207,36
ENR001367,208,36
ENR001368,209,36
ENR001369,210,36
ENR001370,211,36
ENR001371,212,36
ENR001372,213,36
ENR001373,214,36
ENR001374,215,36
ENR001375,216,36
ENR001376,217,36
ENR001377,218,36
ENR001378,219,36
ENR001379,220,36
ENR001380,221,36
ENR001381,222,36
ENR001382,223,36
ENR001383,224,36
ENR001384,225,36
ENR001385,226,36
ENR001386,227,36
ENR001387,228,36
ENR001388,229,36
ENR001389,230,36
ENR001390,231,36
ENR001391,232,36
ENR001392,233,36
ENR001393,234,36
ENR001394,546,36
ENR001395,591,36
ENR001396,196,37
ENR001397,197,37
ENR001398,198,37
ENR001399,199,37
ENR001400,200,37
ENR001401,201,37
ENR001402,202,37
ENR001403,203,37
ENR001404,204,37
ENR001405,205,37
ENR001406,206,37
ENR001407,207,37
ENR001408,208,37
ENR001409,209,37
ENR001410,210,37
ENR001411,211,37
ENR001412,212,37
ENR001413,213,37
ENR001414,214,37
ENR001415,215,37
ENR001416,216,37
ENR001417,217,37
ENR001418,218,37
ENR001419,219,37
ENR001420,220,37
ENR001421,221,37
ENR001422,222,37
ENR001423,223,37
ENR001424,224,37
ENR001425,225,37
ENR001426,226,37
ENR001427,227,37
ENR001428,228,37
ENR001429,229,37
ENR001430,230,37
ENR001431,231,37
ENR001432,232,37
ENR001433,233,37
ENR001434,234,37
ENR001435,546,37
ENR001436,591,37
ENR001437,235,38
ENR001438,236,38
ENR001439,237,38
ENR001440,238,38
ENR001441,239,38
ENR001442,240,38
ENR001443,241,38
ENR001444,242,38
ENR001445,243,38
ENR001446,244,38
ENR001447,245,38
ENR001448,246,38
ENR001449,247,38
ENR001450,248,38
ENR001451,249,38
ENR001452,250,38
ENR001453,251,38
ENR001454,252,38
ENR001455,253,38
ENR001456,254,38
ENR001457,255,38
ENR001458,256,38
ENR001459,257,38
ENR001460,258,38
ENR001461,259,38
ENR001462,260,38
ENR001463,263,38
ENR001464,264,38
ENR001465,265,38
ENR001466,266,38
ENR001467,268,38
ENR001468,269,38
ENR001469,270,38
ENR001470,271,38
ENR001471,272,38
ENR001472,593,38
ENR001473,694,38
ENR001474,235,39
ENR001475,236,39
ENR001476,237,39
ENR001477,238,39
ENR001478,239,39
ENR001479,240,39
ENR001480,241,39
ENR001481,242,39
ENR001482,243,39
ENR001483,244,39
ENR001484,245,39
ENR001485,246,39
ENR001486,247,39
ENR001487,248,39
ENR001488,249,39
ENR001489,250,39
ENR001490,251,39
ENR001491,252,39
ENR001492,253,39
ENR001493,254,39
ENR001494,255,39
ENR001495,256,39
ENR001496,257,39
ENR001497,258,39
ENR001498,259,39
ENR001499,260,39
ENR001500,263,39
ENR001501,264,39
ENR001502,265,39
ENR001503,266,39
ENR001504,268,39
ENR001505,269,39
ENR001506,270,39
ENR001507,271,39
ENR001508,272,39
ENR001509,593,39
ENR001510,694,39
ENR001511,235,40
ENR001512,236,40
ENR001513,237,40
ENR001514,238,40
ENR001515,239,40
ENR001516,240,40
ENR001517,241,40
ENR001518,242,40
ENR001519,243,40
ENR001520,244,40
ENR001521,245,40
ENR001522,246,40
ENR001523,247,40
ENR001524,248,40
ENR001525,249,40
ENR001526,250,40
ENR001527,251,40
ENR001528,252,40
ENR001529,253,40
ENR001530,254,40
ENR001531,255,40
ENR001532,256,40
ENR001533,257,40
ENR001534,258,40
ENR001535,259,40
ENR001536,260,40
ENR001537,263,40
ENR001538,264,40
ENR001539,265,40
ENR001540,266,40
ENR001541,268,40
ENR001542,269,40
ENR001543,270,40
ENR001544,271,40
ENR001545,272,40
ENR001546,593,40
ENR001547,694,40
ENR001548,235,41
ENR001549,236,41
ENR001550,237,41
ENR001551,238,41
ENR001552,239,41
ENR001553,240,41
ENR001554,241,41
ENR001555,242,41
ENR001556,243,41
ENR001557,244,41
ENR001558,245,41
ENR001559,246,41
ENR001560,247,41
ENR001561,248,41
ENR001562,249,41
ENR001563,250,41
ENR001564,251,41
ENR001565,252,41
ENR001566,253,41
ENR001567,254,41
ENR001568,255,41
ENR001569,256,41
ENR001570,257,41
ENR001571,258,41
ENR001572,259,41
ENR001573,260,41
ENR001574,263,41
ENR001575,264,41
ENR001576,265,41
ENR001577,266,41
ENR001578,268,41
ENR001579,269,41
ENR001580,270,41
ENR001581,271,41
ENR001582,272,41
ENR001583,593,41
ENR001584,694,41
ENR001585,235,42
ENR001586,236,42
ENR001587,237,42
ENR001588,238,42
ENR001589,239,42
ENR001590,240,42
ENR001591,241,42
ENR001592,242,42
ENR001593,243,42
ENR001594,244,42
ENR001595,245,42
ENR001596,246,42
ENR001597,247,42
ENR001598,248,42
ENR001599,249,42
ENR001600,250,42
ENR001601,251,42
ENR001602,252,42
ENR001603,253,42
ENR001604,254,42
ENR001605,255,42
ENR001606,256,42
ENR001607,257,42
ENR001608,258,42
ENR001609,259,42
ENR001610,260,42
ENR001611,263,42
ENR001612,264,42
ENR001613,265,42
ENR001614,266,42
ENR001615,268,42
ENR001616,269,42
ENR001617,270,42
ENR001618,271,42
ENR001619,272,42
ENR001620,593,42
ENR001621,694,42
ENR001622,235,43
ENR001623,236,43
ENR001624,237,43
ENR001625,238,43
ENR001626,239,43
ENR001627,240,43
ENR001628,241,43
ENR001629,242,43
ENR001630,243,43
ENR001631,244,43
ENR001632,245,43
ENR001633,246,43
ENR001634,247,43
ENR001635,248,43
ENR001636,249,43
ENR001637,250,43
ENR001638,251,43
ENR001639,252,43
ENR001640,253,43
ENR001641,254,43
ENR001642,255,43
ENR001643,256,43
ENR001644,257,43
ENR001645,258,43
ENR001646,259,43
ENR001647,260,43
ENR001648,263,43
ENR001649,264,43
ENR001650,265,43
ENR001651,266,43
ENR001652,268,43
ENR001653,269,43
ENR001654,270,43
ENR001655,271,43
ENR001656,272,43
ENR001657,593,43
ENR001658,694,43
ENR001659,273,44
ENR001660,274,44
ENR001661,275,44
ENR001662,276,44
ENR001663,277,44
ENR001664,278,44
ENR001665,279,44
ENR001666,280,44
ENR001667,281,44
ENR001668,282,44
ENR001669,283,44
ENR001670,284,44
ENR001671,285,44
ENR001672,286,44
ENR001673,287,44
ENR001674,288,44
ENR001675,289,44
ENR001676,290,44
ENR001677,291,44
ENR001678,292,44
ENR001679,293,44
ENR001680,294,44
ENR001681,295,44
ENR001682,296,44
ENR001683,297,44
ENR001684,298,44
ENR001685,299,44
ENR001686,300,44
ENR001687,301,44
ENR001688,302,44
ENR001689,303,44
ENR001690,304,44
ENR001691,305,44
ENR001692,306,44
ENR001693,307,44
ENR001694,308,44
ENR001695,309,44
ENR001696,310,44
ENR001697,592,44
ENR001698,691,44
ENR001699,693,44
ENR001700,696,44
ENR001701,697,44
ENR001702,273,45
ENR001703,274,45
ENR001704,275,45
ENR001705,276,45
ENR001706,277,45
ENR001707,278,45
ENR001708,279,45
ENR001709,280,45
ENR001710,281,45
ENR001711,282,45
ENR001712,283,45
ENR001713,284,45
ENR001714,285,45
ENR001715,286,45
ENR001716,287,45
ENR001717,288,45
ENR001718,289,45
ENR001719,290,45
ENR001720,291,45
ENR001721,292,45
ENR001722,293,45
ENR001723,294,45
ENR001724,295,45
ENR001725,296,45
ENR001726,297,45
ENR001727,298,45
ENR001728,299,45
ENR001729,300,45
ENR001730,301,45
ENR001731,302,45
ENR001732,303,45
ENR001733,304,45
ENR001734,305,45
ENR001735,306,45
ENR001736,307,45
ENR001737,308,45
ENR001738,309,45
ENR001739,310,45
ENR001740,592,45
ENR001741,691,45
ENR001742,693,45
ENR001743,696,45
ENR001744,697,45
ENR001745,273,46
ENR001746,274,46
ENR001747,275,46
ENR001748,276,46
ENR001749,277,46
ENR001750,278,46
ENR001751,279,46
ENR001752,280,46
ENR001753,281,46
ENR001754,282,46
ENR001755,283,46
ENR001756,284,46
ENR001757,285,46
ENR001758,286,46
ENR001759,287,46
ENR001760,288,46
ENR001761,289,46
ENR001762,290,46
ENR001763,291,46
ENR001764,292,46
ENR001765,293,46
ENR001766,294,46
ENR001767,295,46
ENR001768,296,46
ENR001769,297,46
ENR001770,298,46
ENR001771,299,46
ENR001772,300,46
ENR001773,301,46
ENR001774,302,46
ENR001775,303,46
ENR001776,304,46
ENR001777,305,46
ENR001778,306,46
ENR001779,307,46
ENR001780,308,46
ENR001781,309,46
ENR001782,310,46
ENR001783,592,46
ENR001784,691,46
ENR001785,693,46
ENR001786,696,46
ENR001787,697,46
ENR001788,273,47
ENR001789,274,47
ENR001790,275,47
ENR001791,276,47
ENR001792,277,47
ENR001793,278,47
ENR001794,279,47
ENR001795,280,47
ENR001796,281,47
ENR001797,282,47
ENR001798,283,47
ENR001799,284,47
ENR001800,285,47
ENR001801,286,47
ENR001802,287,47
ENR001803,288,47
ENR001804,289,47
ENR001805,290,47
ENR001806,291,47
ENR001807,292,47
ENR001808,293,47
ENR001809,294,47
ENR001810,295,47
ENR001811,296,47
ENR001812,297,47
ENR001813,298,47
ENR001814,299,47
ENR001815,300,47
ENR001816,301,47
ENR001817,302,47
ENR001818,303,47
ENR001819,304,47
ENR001820,305,47
ENR001821,306,47
ENR001822,307,47
ENR001823,308,47
ENR001824,309,47
ENR001825,310,47
ENR001826,592,47
ENR001827,691,47
ENR001828,693,47
ENR001829,696,47
ENR001830,697,47
ENR001831,273,48
ENR001832,274,48
ENR001833,275,48
ENR001834,276,48
ENR001835,277,48
ENR001836,278,48
ENR001837,279,48
ENR001838,280,48
ENR001839,281,48
ENR001840,282,48
ENR001841,283,48
ENR001842,284,48
ENR001843,285,48
ENR001844,286,48
ENR001845,287,48
ENR001846,288,48
ENR001847,289,48
ENR001848,290,48
ENR001849,291,48
ENR001850,292,48
ENR001851,293,48
ENR001852,294,48
ENR001853,295,48
ENR001854,296,48
ENR001855,297,48
ENR001856,298,48
ENR001857,299,48
ENR001858,300,48
ENR001859,301,48
ENR001860,302,48
ENR001861,303,48
ENR001862,304,48
ENR001863,305,48
ENR001864,306,48
ENR001865,307,48
ENR001866,308,48
ENR001867,309,48
ENR001868,310,48
ENR001869,592,48
ENR001870,691,48
ENR001871,693,48
ENR001872,696,48
ENR001873,697,48
ENR001874,273,49
ENR001875,274,49
ENR001876,275,49
ENR001877,276,49
ENR001878,277,49
ENR001879,278,49
ENR001880,279,49
ENR001881,280,49
ENR001882,281,49
ENR001883,282,49
ENR001884,283,49
ENR001885,284,49
ENR001886,285,49
ENR001887,286,49
ENR001888,287,49
ENR001889,288,49
ENR001890,289,49
ENR001891,290,49
ENR001892,291,49
ENR001893,292,49
ENR001894,293,49
ENR001895,294,49
ENR001896,295,49
ENR001897,296,49
ENR001898,297,49
ENR001899,298,49
ENR001900,299,49
ENR001901,300,49
ENR001902,301,49
ENR001903,302,49
ENR001904,303,49
ENR001905,304,49
ENR001906,305,49
ENR001907,306,49
ENR001908,307,49
ENR001909,308,49
ENR001910,309,49
ENR001911,310,49
ENR001912,592,49
ENR001913,691,49
ENR001914,693,49
ENR001915,696,49
ENR001916,697,49
ENR001917,311,50
ENR001918,312,50
ENR001919,313,50
ENR001920,314,50
ENR001921,315,50
ENR001922,316,50
ENR001923,317,50
ENR001924,318,50
ENR001925,319,50
ENR001926,320,50
ENR001927,321,50
ENR001928,322,50
ENR001929,323,50
ENR001930,324,50
ENR001931,325,50
ENR001932,326,50
ENR001933,327,50
ENR001934,328,50
ENR001935,329,50
ENR001936,330,50
ENR001937,331,50
ENR001938,332,50
ENR001939,333,50
ENR001940,334,50
ENR001941,335,50
ENR001942,336,50
ENR001943,337,50
ENR001944,338,50
ENR001945,339,50
ENR001946,341,50
ENR001947,342,50
ENR001948,343,50
ENR001949,344,50
ENR001950,345,50
ENR001951,346,50
ENR001952,347,50
ENR001953,348,50
ENR001954,544,50
ENR001955,547,50
ENR001956,548,50
ENR001957,549,50
ENR001958,639,50
ENR001959,311,51
ENR001960,312,51
ENR001961,313,51
ENR001962,314,51
ENR001963,315,51
ENR001964,316,51
ENR001965,317,51
ENR001966,318,51
ENR001967,319,51
ENR001968,320,51
ENR001969,321,51
ENR001970,322,51
ENR001971,323,51
ENR001972,324,51
ENR001973,325,51
ENR001974,326,51
ENR001975,327,51
ENR001976,328,51
ENR001977,329,51
ENR001978,330,51
ENR001979,331,51
ENR001980,332,51
ENR001981,333,51
ENR001982,334,51
ENR001983,335,51
ENR001984,336,51
ENR001985,337,51
ENR001986,338,51
ENR001987,339,51
ENR001988,341,51
ENR001989,342,51
ENR001990,343,51
ENR001991,344,51
ENR001992,345,51
ENR001993,346,51
ENR001994,347,51
ENR001995,348,51
ENR001996,544,51
ENR001997,547,51
ENR001998,548,51
ENR001999,549,51
ENR002000,639,51
ENR002001,311,52
ENR002002,312,52
ENR002003,313,52
ENR002004,314,52
ENR002005,315,52
ENR002006,316,52
ENR002007,317,52
ENR002008,318,52
ENR002009,319,52
ENR002010,320,52
ENR002011,321,52
ENR002012,322,52
ENR002013,323,52
ENR002014,324,52
ENR002015,325,52
ENR002016,326,52
ENR002017,327,52
ENR002018,328,52
ENR002019,329,52
ENR002020,330,52
ENR002021,331,52
ENR002022,332,52
ENR002023,333,52
ENR002024,334,52
ENR002025,335,52
ENR002026,336,52
ENR002027,337,52
ENR002028,338,52
ENR002029,339,52
ENR002030,341,52
ENR002031,342,52
ENR002032,343,52
ENR002033,344,52
ENR002034,345,52
ENR002035,346,52
ENR002036,347,52
ENR002037,348,52
ENR002038,544,52
ENR002039,547,52
ENR002040,548,52
ENR002041,549,52
ENR002042,639,52
ENR002043,311,53
ENR002044,312,53
ENR002045,313,53
ENR002046,314,53
ENR002047,315,53
ENR002048,316,53
ENR002049,317,53
ENR002050,318,53
ENR002051,319,53
ENR002052,320,53
ENR002053,321,53
ENR002054,322,53
ENR002055,323,53
ENR002056,324,53
ENR002057,325,53
ENR002058,326,53
ENR002059,327,53
ENR002060,328,53
ENR002061,329,53
ENR002062,330,53
ENR002063,331,53
ENR002064,332,53
ENR002065,333,53
ENR002066,334,53
ENR002067,335,53
ENR002068,336,53
ENR002069,337,53
ENR002070,338,53
ENR002071,339,53
ENR002072,341,53
ENR002073,342,53
ENR002074,343,53
ENR002075,344,53
ENR002076,345,53
ENR002077,346,53
ENR002078,347,53
ENR002079,348,53
ENR002080,544,53
ENR002081,547,53
ENR002082,548,53
ENR002083,549,53
ENR002084,639,53
ENR002085,311,54
ENR002086,312,54
ENR002087,313,54
ENR002088,314,54
ENR002089,315,54
ENR002090,316,54
ENR002091,317,54
ENR002092,318,54
ENR002093,319,54
ENR002094,320,54
ENR002095,321,54
ENR002096,322,54
ENR002097,323,54
ENR002098,324,54
ENR002099,325,54
ENR002100,326,54
ENR002101,327,54
ENR002102,328,54
ENR002103,329,54
ENR002104,330,54
ENR002105,331,54
ENR002106,332,54
ENR002107,333,54
ENR002108,334,54
ENR002109,335,54
ENR002110,336,54
ENR002111,337,54
ENR002112,338,54
ENR002113,339,54
ENR002114,341,54
ENR002115,342,54
ENR002116,343,54
ENR002117,344,54
ENR002118,345,54
ENR002119,346,54
ENR002120,347,54
ENR002121,348,54
ENR002122,544,54
ENR002123,547,54
ENR002124,548,54
ENR002125,549,54
ENR002126,639,54
ENR002127,311,55
ENR002128,312,55
ENR002129,313,55
ENR002130,314,55
ENR002131,315,55
ENR002132,316,55
ENR002133,317,55
ENR002134,318,55
ENR002135,319,55
ENR002136,320,55
ENR002137,321,55
ENR002138,322,55
ENR002139,323,55
ENR002140,324,55
ENR002141,325,55
ENR002142,326,55
ENR002143,327,55
ENR002144,328,55
ENR002145,329,55
ENR002146,330,55
ENR002147,331,55
ENR002148,332,55
ENR002149,333,55
ENR002150,334,55
ENR002151,335,55
ENR002152,336,55
ENR002153,337,55
ENR002154,338,55
ENR002155,339,55
ENR002156,341,55
ENR002157,342,55
ENR002158,343,55
ENR002159,344,55
ENR002160,345,55
ENR002161,346,55
ENR002162,347,55
ENR002163,348,55
ENR002164,544,55
ENR002165,547,55
ENR002166,548,55
ENR002167,549,55
ENR002168,639,55
ENR002169,501,56
ENR002170,502,56
ENR002171,503,56
ENR002172,504,56
ENR002173,505,56
ENR002174,506,56
ENR002175,507,56
ENR002176,508,56
ENR002177,509,56
ENR002178,510,56
ENR002179,511,56
ENR002180,512,56
ENR002181,513,56
ENR002182,514,56
ENR002183,515,56
ENR002184,516,56
ENR002185,517,56
ENR002186,518,56
ENR002187,519,56
ENR002188,520,56
ENR002189,521,56
ENR002190,522,56
ENR002191,523,56
ENR002192,524,56
ENR002193,525,56
ENR002194,526,56
ENR002195,527,56
ENR002196,528,56
ENR002197,529,56
ENR002198,531,56
ENR002199,532,56
ENR002200,533,56
ENR002201,534,56
ENR002202,535,56
ENR002203,536,56
ENR002204,537,56
ENR002205,538,56
ENR002206,540,56
ENR002207,541,56
ENR002208,542,56
ENR002209,640,56
ENR002210,501,57
ENR002211,502,57
ENR002212,503,57
ENR002213,504,57
ENR002214,505,57
ENR002215,506,57
ENR002216,507,57
ENR002217,508,57
ENR002218,509,57
ENR002219,510,57
ENR002220,511,57
ENR002221,512,57
ENR002222,513,57
ENR002223,514,57
ENR002224,515,57
ENR002225,516,57
ENR002226,517,57
ENR002227,518,57
ENR002228,519,57
ENR002229,520,57
ENR002230,521,57
ENR002231,522,57
ENR002232,523,57
ENR002233,524,57
ENR002234,525,57
ENR002235,526,57
ENR002236,527,57
ENR002237,528,57
ENR002238,529,57
ENR002239,531,57
ENR002240,532,57
ENR002241,533,57
ENR002242,534,57
ENR002243,535,57
ENR002244,536,57
ENR002245,537,57
ENR002246,538,57
ENR002247,540,57
ENR002248,541,57
ENR002249,542,57
ENR002250,640,57
ENR002251,501,58
ENR002252,502,58
ENR002253,503,58
ENR002254,504,58
ENR002255,505,58
ENR002256,506,58
ENR002257,507,58
ENR002258,508,58
ENR002259,509,58
ENR002260,510,58
ENR002261,511,58
ENR002262,512,58
ENR002263,513,58
ENR002264,514,58
ENR002265,515,58
ENR002266,516,58
ENR002267,517,58
ENR002268,518,58
ENR002269,519,58
ENR002270,520,58
ENR002271,521,58
ENR002272,522,58
ENR002273,523,58
ENR002274,524,58
ENR002275,525,58
ENR002276,526,58
ENR002277,527,58
ENR002278,528,58
ENR002279,529,58
ENR002280,531,58
ENR002281,532,58
ENR002282,533,58
ENR002283,534,58
ENR002284,535,58
ENR002285,536,58
ENR002286,537,58
ENR002287,538,58
ENR002288,540,58
ENR002289,541,58
ENR002290,542,58
ENR002291,640,58
ENR002292,501,59
ENR002293,502,59
ENR002294,503,59
ENR002295,504,59
ENR002296,505,59
ENR002297,506,59
ENR002298,507,59
ENR002299,508,59
ENR002300,509,59
ENR002301,510,59
ENR002302,511,59
ENR002303,512,59
ENR002304,513,59
ENR002305,514,59
ENR002306,515,59
ENR002307,516,59
ENR002308,517,59
ENR002309,518,59
ENR002310,519,59
ENR002311,520,59
ENR002312,521,59
ENR002313,522,59
ENR002314,523,59
ENR002315,524,59
ENR002316,525,59
ENR002317,526,59
ENR002318,527,59
ENR002319,528,59
ENR002320,529,59
ENR002321,531,59
ENR002322,532,59
ENR002323,533,59
ENR002324,534,59
ENR002325,535,59
ENR002326,536,59
ENR002327,537,59
ENR002328,538,59
ENR002329,540,59
ENR002330,541,59
ENR002331,542,59
ENR002332,640,59
ENR002333,501,60
ENR002334,502,60
ENR002335,503,60
ENR002336,504,60
ENR002337,505,60
ENR002338,506,60
ENR002339,507,60
ENR002340,508,60
ENR002341,509,60
ENR002342,510,60
ENR002343,511,60
ENR002344,512,60
ENR002345,513,60
ENR002346,514,60
ENR002347,515,60
ENR002348,516,60
ENR002349,517,60
ENR002350,518,60
ENR002351,519,60
ENR002352,520,60
ENR002353,521,60
ENR002354,522,60
ENR002355,523,60
ENR002356,524,60
ENR002357,525,60
ENR002358,526,60
ENR002359,527,60
ENR002360,528,60
ENR002361,529,60
ENR002362,531,60
ENR002363,532,60
ENR002364,533,60
ENR002365,534,60
ENR002366,535,60
ENR002367,536,60
ENR002368,537,60
ENR002369,538,60
ENR002370,540,60
ENR002371,541,60
ENR002372,542,60
ENR002373,640,60
ENR002374,550,61
ENR002375,551,61
ENR002376,553,61
ENR002377,554,61
ENR002378,555,61
ENR002379,556,61
ENR002380,557,61
ENR002381,558,61
ENR002382,559,61
ENR002383,560,61
ENR002384,561,61
ENR002385,562,61
ENR002386,563,61
ENR002387,564,61
ENR002388,565,61
ENR002389,566,61
ENR002390,567,61
ENR002391,568,61
ENR002392,569,61
ENR002393,570,61
ENR002394,571,61
ENR002395,572,61
ENR002396,573,61
ENR002397,574,61
ENR002398,575,61
ENR002399,576,61
ENR002400,577,61
ENR002401,578,61
ENR002402,579,61
ENR002403,580,61
ENR002404,581,61
ENR002405,582,61
ENR002406,583,61
ENR002407,584,61
ENR002408,585,61
ENR002409,586,61
ENR002410,587,61
ENR002411,588,61
ENR002412,589,61
ENR002413,695,61
ENR002414,550,62
ENR002415,551,62
ENR002416,553,62
ENR002417,554,62
ENR002418,555,62
ENR002419,556,62
ENR002420,557,62
ENR002421,558,62
ENR002422,559,62
ENR002423,560,62
ENR002424,561,62
ENR002425,562,62
ENR002426,563,62
ENR002427,564,62
ENR002428,565,62
ENR002429,566,62
ENR002430,567,62
ENR002431,568,62
ENR002432,569,62
ENR002433,570,62
ENR002434,571,62
ENR002435,572,62
ENR002436,573,62
ENR002437,574,62
ENR002438,575,62
ENR002439,576,62
ENR002440,577,62
ENR002441,578,62
ENR002442,579,62
ENR002443,580,62
ENR002444,581,62
ENR002445,582,62
ENR002446,583,62
ENR002447,584,62
ENR002448,585,62
ENR002449,586,62
ENR002450,587,62
ENR002451,588,62
ENR002452,589,62
ENR002453,695,62
ENR002454,550,63
ENR002455,551,63
ENR002456,553,63
ENR002457,554,63
ENR002458,555,63
ENR002459,556,63
ENR002460,557,63
ENR002461,558,63
ENR002462,559,63
ENR002463,560,63
ENR002464,561,63
ENR002465,562,63
ENR002466,563,63
ENR002467,564,63
ENR002468,565,63
ENR002469,566,63
ENR002470,567,63
ENR002471,568,63
ENR002472,569,63
ENR002473,570,63
ENR002474,571,63
ENR002475,572,63
ENR002476,573,63
ENR002477,574,63
ENR002478,575,63
ENR002479,576,63
ENR002480,577,63
ENR002481,578,63
ENR002482,579,63
ENR002483,580,63
ENR002484,581,63
ENR002485,582,63
ENR002486,583,63
ENR002487,584,63
ENR002488,585,63
ENR002489,586,63
ENR002490,587,63
ENR002491,588,63
ENR002492,589,63
ENR002493,695,63
ENR002494,550,64
ENR002495,551,64
ENR002496,553,64
ENR002497,554,64
ENR002498,555,64
ENR002499,556,64
ENR002500,557,64
ENR002501,558,64
ENR002502,559,64
ENR002503,560,64
ENR002504,561,64
ENR002505,562,64
ENR002506,563,64
ENR002507,564,64
ENR002508,565,64
ENR002509,566,64
ENR002510,567,64
ENR002511,568,64
ENR002512,569,64
ENR002513,570,64
ENR002514,571,64
ENR002515,572,64
ENR002516,573,64
ENR002517,574,64
ENR002518,575,64
ENR002519,576,64
ENR002520,577,64
ENR002521,578,64
ENR002522,579,64
ENR002523,580,64
ENR002524,581,64
ENR002525,582,64
ENR002526,583,64
ENR002527,584,64
ENR002528,585,64
ENR002529,586,64
ENR002530,587,64
ENR002531,588,64
ENR002532,589,64
ENR002533,695,64
ENR002534,550,65
ENR002535,551,65
ENR002536,553,65
ENR002537,554,65
ENR002538,555,65
ENR002539,556,65
ENR002540,557,65
ENR002541,558,65
ENR002542,559,65
ENR002543,560,65
ENR002544,561,65
ENR002545,562,65
ENR002546,563,65
ENR002547,564,65
ENR002548,565,65
ENR002549,566,65
ENR002550,567,65
ENR002551,568,65
ENR002552,569,65
ENR002553,570,65
ENR002554,571,65
ENR002555,572,65
ENR002556,573,65
ENR002557,574,65
ENR002558,575,65
ENR002559,576,65
ENR002560,577,65
ENR002561,578,65
ENR002562,579,65
ENR002563,580,65
ENR002564,581,65
ENR002565,582,65
ENR002566,583,65
ENR002567,584,65
ENR002568,585,65
ENR002569,586,65
ENR002570,587,65
ENR002571,588,65
ENR002572,589,65
ENR002573,695,65
ENR002574,594,66
ENR002575,595,66
ENR002576,596,66
ENR002577,597,66
ENR002578,598,66
ENR002579,599,66
ENR002580,600,66
ENR002581,601,66
ENR002582,602,66
ENR002583,603,66
ENR002584,604,66
ENR002585,605,66
ENR002586,606,66
ENR002587,607,66
ENR002588,608,66
ENR002589,609,66
ENR002590,610,66
ENR002591,611,66
ENR002592,612,66
ENR002593,613,66
ENR002594,614,66
ENR002595,615,66
ENR002596,616,66
ENR002597,617,66
ENR002598,618,66
ENR002599,619,66
ENR002600,620,66
ENR002601,621,66
ENR002602,622,66
ENR002603,623,66
ENR002604,624,66
ENR002605,625,66
ENR002606,626,66
ENR002607,627,66
ENR002608,628,66
ENR002609,629,66
ENR002610,630,66
ENR002611,631,66
ENR002612,632,66
ENR002613,633,66
ENR002614,634,66
ENR002615,635,66
ENR002616,636,66
ENR002617,637,66
ENR002618,594,67
ENR002619,595,67
ENR002620,596,67
ENR002621,597,67
ENR002622,598,67
ENR002623,599,67
ENR002624,600,67
ENR002625,601,67
ENR002626,602,67
ENR002627,603,67
ENR002628,604,67
ENR002629,605,67
ENR002630,606,67
ENR002631,607,67
ENR002632,608,67
ENR002633,609,67
ENR002634,610,67
ENR002635,611,67
ENR002636,612,67
ENR002637,613,67
ENR002638,614,67
ENR002639,615,67
ENR002640,616,67
ENR002641,617,67
ENR002642,618,67
ENR002643,619,67
ENR002644,620,67
ENR002645,621,67
ENR002646,622,67
ENR002647,623,67
ENR002648,624,67
ENR002649,625,67
ENR002650,626,67
ENR002651,627,67
ENR002652,628,67
ENR002653,629,67
ENR002654,630,67
ENR002655,631,67
ENR002656,632,67
ENR002657,633,67
ENR002658,634,67
ENR002659,635,67
ENR002660,636,67
ENR002661,637,67
ENR002662,594,68
ENR002663,595,68
ENR002664,596,68
ENR002665,597,68
ENR002666,598,68
ENR002667,599,68
ENR002668,600,68
ENR002669,601,68
ENR002670,602,68
ENR002671,603,68
ENR002672,604,68
ENR002673,605,68
ENR002674,606,68
ENR002675,607,68
ENR002676,608,68
ENR002677,609,68
ENR002678,610,68
ENR002679,611,68
ENR002680,612,68
ENR002681,613,68
ENR002682,614,68
ENR002683,615,68
ENR002684,616,68
ENR002685,617,68
ENR002686,618,68
ENR002687,619,68
ENR002688,620,68
ENR002689,621,68
ENR002690,622,68
ENR002691,623,68
ENR002692,624,68
ENR002693,625,68
ENR002694,626,68
ENR002695,627,68
ENR002696,628,68
ENR002697,629,68
ENR002698,630,68
ENR002699,631,68
ENR002700,632,68
ENR002701,633,68
ENR002702,634,68
ENR002703,635,68
ENR002704,636,68
ENR002705,637,68
ENR002706,594,69
ENR002707,595,69
ENR002708,596,69
ENR002709,597,69
ENR002710,598,69
ENR002711,599,69
ENR002712,600,69
ENR002713,601,69
ENR002714,602,69
ENR002715,603,69
ENR002716,604,69
ENR002717,605,69
ENR002718,606,69
ENR002719,607,69
ENR002720,608,69
ENR002721,609,69
ENR002722,610,69
ENR002723,611,69
ENR002724,612,69
ENR002725,613,69
ENR002726,614,69
ENR002727,615,69
ENR002728,616,69
ENR002729,617,69
ENR002730,618,69
ENR002731,619,69
ENR002732,620,69
ENR002733,621,69
ENR002734,622,69
ENR002735,623,69
ENR002736,624,69
ENR002737,625,69
ENR002738,626,69
ENR002739,627,69
ENR002740,628,69
ENR002741,629,69
ENR002742,630,69
ENR002743,631,69
ENR002744,632,69
ENR002745,633,69
ENR002746,634,69
ENR002747,635,69
ENR002748,636,69
ENR002749,637,69
ENR002750,594,70
ENR002751,595,70
ENR002752,596,70
ENR002753,597,70
ENR002754,598,70
ENR002755,599,70
ENR002756,600,70
ENR002757,601,70
ENR002758,602,70
ENR002759,603,70
ENR002760,604,70
ENR002761,605,70
ENR002762,606,70
ENR002763,607,70
ENR002764,608,70
ENR002765,609,70
ENR002766,610,70
ENR002767,611,70
ENR002768,612,70
ENR002769,613,70
ENR002770,614,70
ENR002771,615,70
ENR002772,616,70
ENR002773,617,70
ENR002774,618,70
ENR002775,619,70
ENR002776,620,70
ENR002777,621,70
ENR002778,622,70
ENR002779,623,70
ENR002780,624,70
ENR002781,625,70
ENR002782,626,70
ENR002783,627,70
ENR002784,628,70
ENR002785,629,70
ENR002786,630,70
ENR002787,631,70
ENR002788,632,70
ENR002789,633,70
ENR002790,634,70
ENR002791,635,70
ENR002792,636,70
ENR002793,637,70
ENR002794,642,71
ENR002795,643,71
ENR002796,644,71
ENR002797,645,71
ENR002798,646,71
ENR002799,647,71
ENR002800,648,71
ENR002801,649,71
ENR002802,650,71
ENR002803,651,71
ENR002804,652,71
ENR002805,653,71
ENR002806,654,71
ENR002807,655,71
ENR002808,656,71
ENR002809,657,71
ENR002810,658,71
ENR002811,659,71
ENR002812,660,71
ENR002813,661,71
ENR002814,662,71
ENR002815,663,71
ENR002816,664,71
ENR002817,665,71
ENR002818,666,71
ENR002819,667,71
ENR002820,668,71
ENR002821,669,71
ENR002822,670,71
ENR002823,671,71
ENR002824,672,71
ENR002825,673,71
ENR002826,674,71
ENR002827,675,71
ENR002828,676,71
ENR002829,677,71
ENR002830,678,71
ENR002831,680,71
ENR002832,681,71
ENR002833,682,71
ENR002834,683,71
ENR002835,684,71
ENR002836,685,71
ENR002837,686,71
ENR002838,687,71
ENR002839,688,71
ENR002840,689,71
ENR002841,642,72
ENR002842,643,72
ENR002843,644,72
ENR002844,645,72
ENR002845,646,72
ENR002846,647,72
ENR002847,648,72
ENR002848,649,72
ENR002849,650,72
ENR002850,651,72
ENR002851,652,72
ENR002852,653,72
ENR002853,654,72
ENR002854,655,72
ENR002855,656,72
ENR002856,657,72
ENR002857,658,72
ENR002858,659,72
ENR002859,660,72
ENR002860,661,72
ENR002861,662,72
ENR002862,663,72
ENR002863,664,72
ENR002864,665,72
ENR002865,666,72
ENR002866,667,72
ENR002867,668,72
ENR002868,669,72
ENR002869,670,72
ENR002870,671,72
ENR002871,672,72
ENR002872,673,72
ENR002873,674,72
ENR002874,675,72
ENR002875,676,72
ENR002876,677,72
ENR002877,678,72
ENR002878,680,72
ENR002879,681,72
ENR002880,682,72
ENR002881,683,72
ENR002882,684,72
ENR002883,685,72
ENR002884,686,72
ENR002885,687,72
ENR002886,688,72
ENR002887,689,72
ENR002888,642,73
ENR002889,643,73
ENR002890,644,73
ENR002891,645,73
ENR002892,646,73
ENR002893,647,73
ENR002894,648,73
ENR002895,649,73
ENR002896,650,73
ENR002897,651,73
ENR002898,652,73
ENR002899,653,73
ENR002900,654,73
ENR002901,655,73
ENR002902,656,73
ENR002903,657,73
ENR002904,658,73
ENR002905,659,73
ENR002906,660,73
ENR002907,661,73
ENR002908,662,73
ENR002909,663,73
ENR002910,664,73
ENR002911,665,73
ENR002912,666,73
ENR002913,667,73
ENR002914,668,73
ENR002915,669,73
ENR002916,670,73
ENR002917,671,73
ENR002918,672,73
ENR002919,673,73
ENR002920,674,73
ENR002921,675,73
ENR002922,676,73
ENR002923,677,73
ENR002924,678,73
ENR002925,680,73
ENR002926,681,73
ENR002927,682,73
ENR002928,683,73
ENR002929,684,73
ENR002930,685,73
ENR002931,686,73
ENR002932,687,73
ENR002933,688,73
ENR002934,689,73
ENR002935,642,74
ENR002936,643,74
ENR002937,644,74
ENR002938,645,74
ENR002939,646,74
ENR002940,647,74
ENR002941,648,74
ENR002942,649,74
ENR002943,650,74
ENR002944,651,74
ENR002945,652,74
ENR002946,653,74
ENR002947,654,74
ENR002948,655,74
ENR002949,656,74
ENR002950,657,74
ENR002951,658,74
ENR002952,659,74
ENR002953,660,74
ENR002954,661,74
ENR002955,662,74
ENR002956,663,74
ENR002957,664,74
ENR002958,665,74
ENR002959,666,74
ENR002960,667,74
ENR002961,668,74
ENR002962,669,74
ENR002963,670,74
ENR002964,671,74
ENR002965,672,74
ENR002966,673,74
ENR002967,674,74
ENR002968,675,74
ENR002969,676,74
ENR002970,677,74
ENR002971,678,74
ENR002972,680,74
ENR002973,681,74
ENR002974,682,74
ENR002975,683,74
ENR002976,684,74
ENR002977,685,74
ENR002978,686,74
ENR002979,687,74
ENR002980,688,74
ENR002981,689,74
ENR002982,642,75
ENR002983,643,75
ENR002984,644,75
ENR002985,645,75
ENR002986,646,75
ENR002987,647,75
ENR002988,648,75
ENR002989,649,75
ENR002990,650,75
ENR002991,651,75
ENR002992,652,75
ENR002993,653,75
ENR002994,654,75
ENR002995,655,75
ENR002996,656,75
ENR002997,657,75
ENR002998,658,75
ENR002999,659,75
ENR003000,660,75
ENR003001,661,75
ENR003002,662,75
ENR003003,663,75
ENR003004,664,75
ENR003005,665,75
ENR003006,666,75
ENR003007,667,75
ENR003008,668,75
ENR003009,669,75
ENR003010,670,75
ENR003011,671,75
ENR003012,672,75
ENR003013,673,75
ENR003014,674,75
ENR003015,675,75
ENR003016,676,75
ENR003017,677,75
ENR003018,678,75
ENR003019,680,75
ENR003020,681,75
ENR003021,682,75
ENR003022,683,75
ENR003023,684,75
ENR003024,685,75
ENR003025,686,75
ENR003026,687,75
ENR003027,688,75
ENR003028,689,75
